Individual	Protein	Allele	Count
Library001_barcode02	SRK_protein_007	Allele_007	1
Library001_barcode02	SRK_protein_006	Allele_048	3
Library001_barcode02	SRK_protein_008	Allele_048	3
Library001_barcode02	SRK_protein_009	Allele_048	3
Library001_barcode03	SRK_protein_010	Allele_024	1
Library001_barcode04	SRK_protein_011	Allele_020	1
Library001_barcode05	SRK_protein_012	Allele_024	2
Library001_barcode05	SRK_protein_013	Allele_024	2
Library001_barcode06	SRK_protein_014	Allele_011	2
Library001_barcode06	SRK_protein_015	Allele_011	2
Library001_barcode07	SRK_protein_016	Allele_048	2
Library001_barcode07	SRK_protein_017	Allele_048	2
Library001_barcode08	SRK_protein_018	Allele_043	2
Library001_barcode08	SRK_protein_019	Allele_043	2
Library001_barcode08	SRK_protein_020	Allele_044	1
Library001_barcode09	SRK_protein_021	Allele_009	1
Library001_barcode09	SRK_protein_022	Allele_048	1
Library001_barcode10	SRK_protein_023	Allele_044	2
Library001_barcode10	SRK_protein_025	Allele_044	2
Library001_barcode10	SRK_protein_024	Allele_045	1
Library001_barcode11	SRK_protein_027	Allele_020	1
Library001_barcode11	SRK_protein_026	Allele_023	1
Library001_barcode12	SRK_protein_028	Allele_040	2
Library001_barcode12	SRK_protein_029	Allele_040	2
Library001_barcode14	SRK_protein_030	Allele_039	2
Library001_barcode14	SRK_protein_032	Allele_039	2
Library001_barcode14	SRK_protein_031	Allele_044	1
Library001_barcode16	SRK_protein_034	Allele_048	1
Library001_barcode17	SRK_protein_036	Allele_017	1
Library001_barcode17	SRK_protein_035	Allele_021	1
Library001_barcode18	SRK_protein_037	Allele_045	1
Library001_barcode18	SRK_protein_038	Allele_048	2
Library001_barcode18	SRK_protein_039	Allele_048	2
Library001_barcode19	SRK_protein_040	Allele_008	1
Library001_barcode20	SRK_protein_041	Allele_022	2
Library001_barcode20	SRK_protein_042	Allele_022	2
Library001_barcode21	SRK_protein_043	Allele_025	1
Library001_barcode21	SRK_protein_031	Allele_044	1
Library002_barcode23	SRK_protein_011	Allele_020	2
Library002_barcode23	SRK_protein_027	Allele_020	2
Library002_barcode28	SRK_protein_048	Allele_044	2
Library002_barcode28	SRK_protein_049	Allele_044	2
Library002_barcode29	SRK_protein_051	Allele_002	1
Library002_barcode29	SRK_protein_050	Allele_055	1
Library002_barcode31	SRK_protein_053	Allele_010	1
Library002_barcode31	SRK_protein_052	Allele_042	1
Library002_barcode32	SRK_protein_055	Allele_031	1
Library002_barcode32	SRK_protein_054	Allele_048	2
Library002_barcode32	SRK_protein_056	Allele_048	2
Library002_barcode34	SRK_protein_057	Allele_013	2
Library002_barcode34	SRK_protein_058	Allele_013	2
Library002_barcode34	SRK_protein_013	Allele_024	1
Library002_barcode35	SRK_protein_061	Allele_016	1
Library002_barcode35	SRK_protein_059	Allele_044	2
Library002_barcode35	SRK_protein_060	Allele_044	2
Library002_barcode36	SRK_protein_062	Allele_020	1
Library002_barcode37	SRK_protein_063	Allele_045	1
Library002_barcode38	SRK_protein_064	Allele_046	3
Library002_barcode38	SRK_protein_065	Allele_046	3
Library002_barcode38	SRK_protein_066	Allele_046	3
Library002_barcode39	SRK_protein_019	Allele_043	2
Library002_barcode39	SRK_protein_068	Allele_043	2
Library002_barcode39	SRK_protein_067	Allele_049	1
Library002_barcode42	SRK_protein_078	Allele_044	1
Library002_barcode42	SRK_protein_077	Allele_048	1
Library002_barcode43	SRK_protein_080	Allele_011	1
Library002_barcode43	SRK_protein_082	Allele_032	1
Library002_barcode43	SRK_protein_079	Allele_048	2
Library002_barcode43	SRK_protein_081	Allele_048	2
Library002_barcode44	SRK_protein_083	Allele_048	1
Library002_barcode45	SRK_protein_084	Allele_033	2
Library002_barcode45	SRK_protein_085	Allele_033	2
Library002_barcode46	SRK_protein_086	Allele_022	1
Library002_barcode47	SRK_protein_087	Allele_044	2
Library002_barcode47	SRK_protein_088	Allele_044	2
Library002_barcode48	SRK_protein_090	Allele_044	3
Library002_barcode48	SRK_protein_091	Allele_044	3
Library002_barcode48	SRK_protein_092	Allele_044	3
Library002_barcode48	SRK_protein_089	Allele_052	1
Library002_barcode50	SRK_protein_093	Allele_048	1
Library002_barcode51	SRK_protein_053	Allele_010	2
Library002_barcode51	SRK_protein_096	Allele_010	2
Library002_barcode51	SRK_protein_094	Allele_023	1
Library002_barcode51	SRK_protein_095	Allele_045	1
Library002_barcode52	SRK_protein_097	Allele_020	1
Library002_barcode53	SRK_protein_097	Allele_020	2
Library002_barcode53	SRK_protein_100	Allele_020	2
Library002_barcode53	SRK_protein_098	Allele_023	2
Library002_barcode53	SRK_protein_099	Allele_023	2
Library002_barcode57	SRK_protein_106	Allele_045	1
Library002_barcode58	SRK_protein_086	Allele_022	1
Library003_barcode60	SRK_protein_088	Allele_044	1
Library003_barcode61	SRK_protein_107	Allele_010	2
Library003_barcode61	SRK_protein_108	Allele_010	2
Library003_barcode61	SRK_protein_090	Allele_044	1
Library003_barcode62	SRK_protein_023	Allele_044	1
Library003_barcode62	SRK_protein_109	Allele_045	2
Library003_barcode62	SRK_protein_110	Allele_045	2
Library003_barcode63	SRK_protein_112	Allele_019	1
Library003_barcode63	SRK_protein_111	Allele_048	1
Library003_barcode64	SRK_protein_113	Allele_046	2
Library003_barcode64	SRK_protein_114	Allele_046	2
Library003_barcode64	SRK_protein_002	Allele_048	1
Library003_barcode65	SRK_protein_115	Allele_022	1
Library003_barcode65	SRK_protein_031	Allele_044	1
Library003_barcode66	SRK_protein_021	Allele_009	1
Library003_barcode66	SRK_protein_116	Allele_021	1
Library003_barcode67	SRK_protein_117	Allele_022	1
Library003_barcode68	SRK_protein_118	Allele_022	1
Library003_barcode69	SRK_protein_023	Allele_044	1
Library003_barcode70	SRK_protein_117	Allele_022	1
Library003_barcode71	SRK_protein_117	Allele_022	3
Library003_barcode71	SRK_protein_119	Allele_022	3
Library003_barcode71	SRK_protein_120	Allele_022	3
Library003_barcode72	SRK_protein_121	Allele_030	1
Library003_barcode73	SRK_protein_023	Allele_044	2
Library003_barcode73	SRK_protein_122	Allele_044	2
Library003_barcode74	SRK_protein_124	Allele_035	1
Library003_barcode74	SRK_protein_031	Allele_044	3
Library003_barcode74	SRK_protein_090	Allele_044	3
Library003_barcode74	SRK_protein_123	Allele_044	3
Library003_barcode76	SRK_protein_125	Allele_037	2
Library003_barcode76	SRK_protein_126	Allele_037	2
Library003_barcode76	SRK_protein_127	Allele_048	1
Library003_barcode77	SRK_protein_031	Allele_044	2
Library003_barcode77	SRK_protein_090	Allele_044	2
Library003_barcode78	SRK_protein_090	Allele_044	1
Library003_barcode78	SRK_protein_128	Allele_048	1
Library004_barcode79	SRK_protein_090	Allele_044	1
Library004_barcode80	SRK_protein_031	Allele_044	2
Library004_barcode80	SRK_protein_129	Allele_044	2
Library004_barcode81	SRK_protein_041	Allele_022	1
Library004_barcode81	SRK_protein_110	Allele_045	1
Library004_barcode82	SRK_protein_130	Allele_011	1
Library004_barcode82	SRK_protein_131	Allele_038	1
Library004_barcode83	SRK_protein_122	Allele_044	3
Library004_barcode83	SRK_protein_132	Allele_044	3
Library004_barcode83	SRK_protein_133	Allele_044	3
Library004_barcode84	SRK_protein_061	Allele_016	1
Library004_barcode85	SRK_protein_134	Allele_028	1
Library004_barcode85	SRK_protein_077	Allele_048	1
Library004_barcode86	SRK_protein_135	Allele_019	1
Library004_barcode87	SRK_protein_138	Allele_016	1
Library004_barcode87	SRK_protein_136	Allele_021	2
Library004_barcode87	SRK_protein_137	Allele_021	2
Library004_barcode88	SRK_protein_128	Allele_048	1
Library004_barcode89	SRK_protein_134	Allele_028	1
Library005_barcode01	SRK_protein_039	Allele_048	3
Library005_barcode01	SRK_protein_139	Allele_048	3
Library005_barcode01	SRK_protein_140	Allele_048	3
Library005_barcode02	SRK_protein_022	Allele_048	2
Library005_barcode02	SRK_protein_054	Allele_048	2
Library005_barcode03	SRK_protein_061	Allele_016	3
Library005_barcode03	SRK_protein_141	Allele_016	3
Library005_barcode03	SRK_protein_142	Allele_016	3
Library005_barcode03	SRK_protein_079	Allele_048	1
Library005_barcode05	SRK_protein_123	Allele_044	1
Library005_barcode08	SRK_protein_061	Allele_016	3
Library005_barcode08	SRK_protein_141	Allele_016	3
Library005_barcode08	SRK_protein_146	Allele_016	3
Library005_barcode09	SRK_protein_138	Allele_016	2
Library005_barcode09	SRK_protein_141	Allele_016	2
Library005_barcode10	SRK_protein_141	Allele_016	2
Library005_barcode10	SRK_protein_148	Allele_016	2
Library005_barcode10	SRK_protein_145	Allele_048	2
Library005_barcode10	SRK_protein_147	Allele_048	2
Library005_barcode11	SRK_protein_126	Allele_037	1
Library005_barcode12	SRK_protein_125	Allele_037	2
Library005_barcode12	SRK_protein_126	Allele_037	2
Library005_barcode12	SRK_protein_149	Allele_048	1
Library005_barcode13	SRK_protein_150	Allele_036	1
Library005_barcode14	SRK_protein_151	Allele_007	1
Library005_barcode14	SRK_protein_039	Allele_048	2
Library005_barcode14	SRK_protein_140	Allele_048	2
Library005_barcode15	SRK_protein_141	Allele_016	1
Library005_barcode16	SRK_protein_150	Allele_036	2
Library005_barcode16	SRK_protein_152	Allele_036	2
Library005_barcode17	SRK_protein_061	Allele_016	1
Library005_barcode17	SRK_protein_039	Allele_048	1
Library005_barcode18	SRK_protein_136	Allele_021	2
Library005_barcode18	SRK_protein_153	Allele_021	2
Library005_barcode19	SRK_protein_126	Allele_037	1
Library005_barcode20	SRK_protein_155	Allele_009	1
Library005_barcode20	SRK_protein_136	Allele_021	3
Library005_barcode20	SRK_protein_154	Allele_021	3
Library005_barcode20	SRK_protein_156	Allele_021	3
Library005_barcode21	SRK_protein_061	Allele_016	3
Library005_barcode21	SRK_protein_141	Allele_016	3
Library005_barcode21	SRK_protein_142	Allele_016	3
Library005_barcode21	SRK_protein_083	Allele_048	1
Library005_barcode22	SRK_protein_157	Allele_042	2
Library005_barcode22	SRK_protein_160	Allele_042	2
Library005_barcode22	SRK_protein_158	Allele_049	2
Library005_barcode22	SRK_protein_159	Allele_049	2
Library005_barcode23	SRK_protein_041	Allele_022	2
Library005_barcode23	SRK_protein_161	Allele_022	2
Library005_barcode23	SRK_protein_121	Allele_030	1
Library005_barcode24	SRK_protein_121	Allele_030	2
Library005_barcode24	SRK_protein_162	Allele_030	2
Library005_barcode24	SRK_protein_163	Allele_035	1
Library005_barcode25	SRK_protein_121	Allele_030	1
Library005_barcode25	SRK_protein_163	Allele_035	1
Library005_barcode26	SRK_protein_121	Allele_030	1
Library005_barcode27	SRK_protein_090	Allele_044	1
Library005_barcode28	SRK_protein_133	Allele_044	1
Library005_barcode29	SRK_protein_090	Allele_044	2
Library005_barcode29	SRK_protein_164	Allele_044	2
Library005_barcode30	SRK_protein_090	Allele_044	2
Library005_barcode30	SRK_protein_164	Allele_044	2
Library005_barcode31	SRK_protein_023	Allele_044	1
Library005_barcode32	SRK_protein_167	Allele_022	1
Library005_barcode32	SRK_protein_165	Allele_048	2
Library005_barcode32	SRK_protein_166	Allele_048	2
Library005_barcode33	SRK_protein_168	Allele_044	2
Library005_barcode33	SRK_protein_169	Allele_044	2
Library005_barcode34	SRK_protein_090	Allele_044	1
Library005_barcode35	SRK_protein_054	Allele_048	3
Library005_barcode35	SRK_protein_170	Allele_048	3
Library005_barcode35	SRK_protein_171	Allele_048	3
Library005_barcode36	SRK_protein_160	Allele_042	1
Library005_barcode36	SRK_protein_158	Allele_049	1
Library006_barcode37	SRK_protein_172	Allele_045	2
Library006_barcode37	SRK_protein_173	Allele_045	2
Library006_barcode37	SRK_protein_054	Allele_048	1
Library006_barcode38	SRK_protein_174	Allele_012	1
Library006_barcode38	SRK_protein_175	Allele_044	1
Library006_barcode39	SRK_protein_176	Allele_045	4
Library006_barcode39	SRK_protein_177	Allele_045	4
Library006_barcode39	SRK_protein_178	Allele_045	4
Library006_barcode39	SRK_protein_179	Allele_045	4
Library006_barcode40	SRK_protein_181	Allele_039	1
Library006_barcode40	SRK_protein_180	Allele_044	1
Library006_barcode41	SRK_protein_181	Allele_039	2
Library006_barcode41	SRK_protein_182	Allele_039	2
Library006_barcode41	SRK_protein_180	Allele_044	1
Library006_barcode42	SRK_protein_145	Allele_048	2
Library006_barcode42	SRK_protein_149	Allele_048	2
Library006_barcode43	SRK_protein_152	Allele_036	1
Library006_barcode44	SRK_protein_183	Allele_040	1
Library006_barcode44	SRK_protein_184	Allele_044	1
Library006_barcode46	SRK_protein_185	Allele_048	1
Library006_barcode47	SRK_protein_186	Allele_041	1
Library006_barcode48	SRK_protein_187	Allele_048	1
Library006_barcode49	SRK_protein_188	Allele_044	2
Library006_barcode49	SRK_protein_189	Allele_044	2
Library006_barcode50	SRK_protein_123	Allele_044	1
Library006_barcode51	SRK_protein_002	Allele_048	1
Library006_barcode52	SRK_protein_190	Allele_044	1
Library006_barcode52	SRK_protein_024	Allele_045	1
Library006_barcode53	SRK_protein_172	Allele_045	1
Library006_barcode54	SRK_protein_191	Allele_040	2
Library006_barcode54	SRK_protein_193	Allele_040	2
Library006_barcode54	SRK_protein_192	Allele_041	2
Library006_barcode54	SRK_protein_194	Allele_041	2
Library006_barcode55	SRK_protein_195	Allele_041	1
Library006_barcode56	SRK_protein_031	Allele_044	1
Library006_barcode56	SRK_protein_008	Allele_048	2
Library006_barcode56	SRK_protein_128	Allele_048	2
Library006_barcode57	SRK_protein_113	Allele_046	1
Library006_barcode58	SRK_protein_165	Allele_048	1
Library006_barcode59	SRK_protein_090	Allele_044	2
Library006_barcode59	SRK_protein_168	Allele_044	2
Library006_barcode59	SRK_protein_054	Allele_048	2
Library006_barcode59	SRK_protein_128	Allele_048	2
Library006_barcode60	SRK_protein_039	Allele_048	2
Library006_barcode60	SRK_protein_054	Allele_048	2
Library006_barcode61	SRK_protein_016	Allele_048	1
Library006_barcode62	SRK_protein_111	Allele_048	4
Library006_barcode62	SRK_protein_196	Allele_048	4
Library006_barcode62	SRK_protein_197	Allele_048	4
Library006_barcode62	SRK_protein_198	Allele_048	4
Library006_barcode63	SRK_protein_199	Allele_045	2
Library006_barcode63	SRK_protein_200	Allele_045	2
Library006_barcode64	SRK_protein_134	Allele_028	1
Library006_barcode64	SRK_protein_201	Allele_034	1
Library006_barcode65	SRK_protein_031	Allele_044	2
Library006_barcode65	SRK_protein_090	Allele_044	2
Library006_barcode66	SRK_protein_201	Allele_034	1
Library006_barcode66	SRK_protein_202	Allele_048	1
Library007_barcode67	SRK_protein_180	Allele_044	1
Library007_barcode68	SRK_protein_001	Allele_044	1
Library007_barcode69	SRK_protein_001	Allele_044	2
Library007_barcode69	SRK_protein_203	Allele_044	2
Library007_barcode69	SRK_protein_204	Allele_054	1
Library007_barcode70	SRK_protein_207	Allele_048	1
Library007_barcode70	SRK_protein_205	Allele_049	2
Library007_barcode70	SRK_protein_206	Allele_049	2
Library007_barcode71	SRK_protein_208	Allele_042	1
Library007_barcode72	SRK_protein_209	Allele_048	1
Library007_barcode73	SRK_protein_210	Allele_020	2
Library007_barcode73	SRK_protein_211	Allele_020	2
Library007_barcode73	SRK_protein_176	Allele_045	1
Library007_barcode77	SRK_protein_219	Allele_048	1
Library007_barcode78	SRK_protein_220	Allele_026	1
Library007_barcode78	SRK_protein_221	Allele_027	1
Library007_barcode80	SRK_protein_215	Allele_023	1
Library007_barcode81	SRK_protein_002	Allele_048	3
Library007_barcode81	SRK_protein_222	Allele_048	3
Library007_barcode81	SRK_protein_223	Allele_048	3
Library007_barcode82	SRK_protein_226	Allele_028	1
Library007_barcode82	SRK_protein_225	Allele_029	1
Library007_barcode82	SRK_protein_201	Allele_034	2
Library007_barcode82	SRK_protein_224	Allele_034	2
Library007_barcode83	SRK_protein_227	Allele_018	2
Library007_barcode83	SRK_protein_228	Allele_018	2
Library007_barcode83	SRK_protein_226	Allele_028	1
Library007_barcode84	SRK_protein_226	Allele_028	1
Library007_barcode84	SRK_protein_090	Allele_044	1
Library007_barcode85	SRK_protein_201	Allele_034	1
Library007_barcode85	SRK_protein_229	Allele_050	1
Library007_barcode86	SRK_protein_199	Allele_045	1
Library007_barcode86	SRK_protein_066	Allele_046	2
Library007_barcode86	SRK_protein_113	Allele_046	2
Library007_barcode86	SRK_protein_002	Allele_048	1
Library007_barcode87	SRK_protein_199	Allele_045	2
Library007_barcode87	SRK_protein_200	Allele_045	2
Library007_barcode87	SRK_protein_113	Allele_046	1
Library007_barcode88	SRK_protein_230	Allele_019	1
Library008_barcode01	SRK_protein_231	Allele_044	1
Library008_barcode01	SRK_protein_232	Allele_048	3
Library008_barcode01	SRK_protein_233	Allele_048	3
Library008_barcode01	SRK_protein_234	Allele_048	3
Library008_barcode02	SRK_protein_018	Allele_043	2
Library008_barcode02	SRK_protein_019	Allele_043	2
Library008_barcode02	SRK_protein_031	Allele_044	2
Library008_barcode02	SRK_protein_235	Allele_044	2
Library008_barcode03	SRK_protein_077	Allele_048	2
Library008_barcode03	SRK_protein_232	Allele_048	2
Library008_barcode04	SRK_protein_237	Allele_048	1
Library008_barcode04	SRK_protein_236	Allele_051	1
Library008_barcode05	SRK_protein_237	Allele_048	2
Library008_barcode05	SRK_protein_238	Allele_048	2
Library008_barcode06	SRK_protein_237	Allele_048	2
Library008_barcode06	SRK_protein_239	Allele_048	2
Library008_barcode07	SRK_protein_020	Allele_044	1
Library008_barcode07	SRK_protein_239	Allele_048	2
Library008_barcode07	SRK_protein_240	Allele_048	2
Library008_barcode08	SRK_protein_090	Allele_044	1
Library008_barcode08	SRK_protein_241	Allele_053	1
Library008_barcode09	SRK_protein_077	Allele_048	1
Library008_barcode10	SRK_protein_242	Allele_043	1
Library008_barcode11	SRK_protein_003	Allele_044	1
Library008_barcode11	SRK_protein_077	Allele_048	1
Library008_barcode12	SRK_protein_018	Allele_043	3
Library008_barcode12	SRK_protein_019	Allele_043	3
Library008_barcode12	SRK_protein_243	Allele_043	3
Library008_barcode12	SRK_protein_244	Allele_049	1
Library008_barcode13	SRK_protein_018	Allele_043	1
Library008_barcode13	SRK_protein_020	Allele_044	2
Library008_barcode13	SRK_protein_090	Allele_044	2
Library008_barcode14	SRK_protein_240	Allele_048	1
Library008_barcode15	SRK_protein_018	Allele_043	2
Library008_barcode15	SRK_protein_019	Allele_043	2
Library008_barcode15	SRK_protein_090	Allele_044	1
Library008_barcode16	SRK_protein_090	Allele_044	1
Library008_barcode16	SRK_protein_054	Allele_048	2
Library008_barcode16	SRK_protein_077	Allele_048	2
Library008_barcode17	SRK_protein_031	Allele_044	1
Library008_barcode19	SRK_protein_019	Allele_043	1
Library008_barcode19	SRK_protein_031	Allele_044	1
Library008_barcode20	SRK_protein_003	Allele_044	1
Library008_barcode20	SRK_protein_237	Allele_048	1
Library008_barcode21	SRK_protein_018	Allele_043	2
Library008_barcode21	SRK_protein_019	Allele_043	2
Library008_barcode22	SRK_protein_018	Allele_043	1
Library008_barcode22	SRK_protein_090	Allele_044	1
Library008_barcode22	SRK_protein_237	Allele_048	2
Library008_barcode22	SRK_protein_238	Allele_048	2
Library008_barcode23	SRK_protein_003	Allele_044	1
Library008_barcode23	SRK_protein_077	Allele_048	1
Library008_barcode24	SRK_protein_077	Allele_048	2
Library008_barcode24	SRK_protein_238	Allele_048	2
Library008_barcode25	SRK_protein_090	Allele_044	2
Library008_barcode25	SRK_protein_245	Allele_044	2
Library008_barcode25	SRK_protein_054	Allele_048	2
Library008_barcode25	SRK_protein_077	Allele_048	2
Library008_barcode26	SRK_protein_020	Allele_044	2
Library008_barcode26	SRK_protein_031	Allele_044	2
Library008_barcode27	SRK_protein_237	Allele_048	1
Library008_barcode28	SRK_protein_238	Allele_048	1
Library008_barcode29	SRK_protein_090	Allele_044	1
Library008_barcode30	SRK_protein_090	Allele_044	1
Library008_barcode31	SRK_protein_237	Allele_048	3
Library008_barcode31	SRK_protein_238	Allele_048	3
Library008_barcode31	SRK_protein_246	Allele_048	3
Library008_barcode32	SRK_protein_019	Allele_043	1
Library008_barcode33	SRK_protein_031	Allele_044	2
Library008_barcode33	SRK_protein_231	Allele_044	2
Library008_barcode34	SRK_protein_020	Allele_044	2
Library008_barcode34	SRK_protein_031	Allele_044	2
Library008_barcode35	SRK_protein_090	Allele_044	1
Library008_barcode35	SRK_protein_054	Allele_048	2
Library008_barcode35	SRK_protein_077	Allele_048	2
Library008_barcode36	SRK_protein_090	Allele_044	1
Library008_barcode36	SRK_protein_238	Allele_048	1
Library008_barcode89	SRK_protein_077	Allele_048	1
Library008_barcode90	SRK_protein_077	Allele_048	1
Library008_barcode91	SRK_protein_077	Allele_048	1
