Individual	N_distinct_alleles	N_total_proteins	Zygosity	Genotype	Allele_composition
Library001_barcode02	2	4	Heterozygous	AAAB	Allele_007(1)+Allele_048(3)
Library001_barcode03	1	1	Homozygous	AAAA	Allele_024(1)
Library001_barcode04	1	1	Homozygous	AAAA	Allele_020(1)
Library001_barcode05	1	2	Homozygous	AAAA	Allele_024(2)
Library001_barcode06	1	2	Homozygous	AAAA	Allele_011(2)
Library001_barcode07	1	2	Homozygous	AAAA	Allele_048(2)
Library001_barcode08	2	3	Heterozygous	AAAB	Allele_044(1)+Allele_043(2)
Library001_barcode09	2	2	Heterozygous	AABB	Allele_009(1)+Allele_048(1)
Library001_barcode10	2	3	Heterozygous	AAAB	Allele_045(1)+Allele_044(2)
Library001_barcode11	2	2	Heterozygous	AABB	Allele_020(1)+Allele_023(1)
Library001_barcode12	1	2	Homozygous	AAAA	Allele_040(2)
Library001_barcode14	2	3	Heterozygous	AAAB	Allele_044(1)+Allele_039(2)
Library001_barcode16	1	1	Homozygous	AAAA	Allele_048(1)
Library001_barcode17	2	2	Heterozygous	AABB	Allele_017(1)+Allele_021(1)
Library001_barcode18	2	3	Heterozygous	AAAB	Allele_045(1)+Allele_048(2)
Library001_barcode19	1	1	Homozygous	AAAA	Allele_008(1)
Library001_barcode20	1	2	Homozygous	AAAA	Allele_022(2)
Library001_barcode21	2	2	Heterozygous	AABB	Allele_025(1)+Allele_044(1)
Library002_barcode23	1	2	Homozygous	AAAA	Allele_020(2)
Library002_barcode28	1	2	Homozygous	AAAA	Allele_044(2)
Library002_barcode29	2	2	Heterozygous	AABB	Allele_002(1)+Allele_055(1)
Library002_barcode31	2	2	Heterozygous	AABB	Allele_010(1)+Allele_042(1)
Library002_barcode32	2	3	Heterozygous	AAAB	Allele_031(1)+Allele_048(2)
Library002_barcode34	2	3	Heterozygous	AAAB	Allele_024(1)+Allele_013(2)
Library002_barcode35	2	3	Heterozygous	AAAB	Allele_016(1)+Allele_044(2)
Library002_barcode36	1	1	Homozygous	AAAA	Allele_020(1)
Library002_barcode37	1	1	Homozygous	AAAA	Allele_045(1)
Library002_barcode38	1	3	Homozygous	AAAA	Allele_046(3)
Library002_barcode39	2	3	Heterozygous	AAAB	Allele_049(1)+Allele_043(2)
Library002_barcode42	2	2	Heterozygous	AABB	Allele_044(1)+Allele_048(1)
Library002_barcode43	3	4	Heterozygous	AABC	Allele_011(1)+Allele_032(1)+Allele_048(2)
Library002_barcode44	1	1	Homozygous	AAAA	Allele_048(1)
Library002_barcode45	1	2	Homozygous	AAAA	Allele_033(2)
Library002_barcode46	1	1	Homozygous	AAAA	Allele_022(1)
Library002_barcode47	1	2	Homozygous	AAAA	Allele_044(2)
Library002_barcode48	2	4	Heterozygous	AAAB	Allele_052(1)+Allele_044(3)
Library002_barcode50	1	1	Homozygous	AAAA	Allele_048(1)
Library002_barcode51	3	4	Heterozygous	AABC	Allele_023(1)+Allele_045(1)+Allele_010(2)
Library002_barcode52	1	1	Homozygous	AAAA	Allele_020(1)
Library002_barcode53	2	4	Heterozygous	AABB	Allele_020(2)+Allele_023(2)
Library002_barcode57	1	1	Homozygous	AAAA	Allele_045(1)
Library002_barcode58	1	1	Homozygous	AAAA	Allele_022(1)
Library003_barcode60	1	1	Homozygous	AAAA	Allele_044(1)
Library003_barcode61	2	3	Heterozygous	AAAB	Allele_044(1)+Allele_010(2)
Library003_barcode62	2	3	Heterozygous	AAAB	Allele_044(1)+Allele_045(2)
Library003_barcode63	2	2	Heterozygous	AABB	Allele_019(1)+Allele_048(1)
Library003_barcode64	2	3	Heterozygous	AAAB	Allele_048(1)+Allele_046(2)
Library003_barcode65	2	2	Heterozygous	AABB	Allele_022(1)+Allele_044(1)
Library003_barcode66	2	2	Heterozygous	AABB	Allele_009(1)+Allele_021(1)
Library003_barcode67	1	1	Homozygous	AAAA	Allele_022(1)
Library003_barcode68	1	1	Homozygous	AAAA	Allele_022(1)
Library003_barcode69	1	1	Homozygous	AAAA	Allele_044(1)
Library003_barcode70	1	1	Homozygous	AAAA	Allele_022(1)
Library003_barcode71	1	3	Homozygous	AAAA	Allele_022(3)
Library003_barcode72	1	1	Homozygous	AAAA	Allele_030(1)
Library003_barcode73	1	2	Homozygous	AAAA	Allele_044(2)
Library003_barcode74	2	4	Heterozygous	AAAB	Allele_035(1)+Allele_044(3)
Library003_barcode76	2	3	Heterozygous	AAAB	Allele_048(1)+Allele_037(2)
Library003_barcode77	1	2	Homozygous	AAAA	Allele_044(2)
Library003_barcode78	2	2	Heterozygous	AABB	Allele_044(1)+Allele_048(1)
Library004_barcode79	1	1	Homozygous	AAAA	Allele_044(1)
Library004_barcode80	1	2	Homozygous	AAAA	Allele_044(2)
Library004_barcode81	2	2	Heterozygous	AABB	Allele_022(1)+Allele_045(1)
Library004_barcode82	2	2	Heterozygous	AABB	Allele_011(1)+Allele_038(1)
Library004_barcode83	1	3	Homozygous	AAAA	Allele_044(3)
Library004_barcode84	1	1	Homozygous	AAAA	Allele_016(1)
Library004_barcode85	2	2	Heterozygous	AABB	Allele_028(1)+Allele_048(1)
Library004_barcode86	1	1	Homozygous	AAAA	Allele_019(1)
Library004_barcode87	2	3	Heterozygous	AAAB	Allele_016(1)+Allele_021(2)
Library004_barcode88	1	1	Homozygous	AAAA	Allele_048(1)
Library004_barcode89	1	1	Homozygous	AAAA	Allele_028(1)
Library005_barcode01	1	3	Homozygous	AAAA	Allele_048(3)
Library005_barcode02	1	2	Homozygous	AAAA	Allele_048(2)
Library005_barcode03	2	4	Heterozygous	AAAB	Allele_048(1)+Allele_016(3)
Library005_barcode05	1	1	Homozygous	AAAA	Allele_044(1)
Library005_barcode08	1	3	Homozygous	AAAA	Allele_016(3)
Library005_barcode09	1	2	Homozygous	AAAA	Allele_016(2)
Library005_barcode10	2	4	Heterozygous	AABB	Allele_016(2)+Allele_048(2)
Library005_barcode11	1	1	Homozygous	AAAA	Allele_037(1)
Library005_barcode12	2	3	Heterozygous	AAAB	Allele_048(1)+Allele_037(2)
Library005_barcode13	1	1	Homozygous	AAAA	Allele_036(1)
Library005_barcode14	2	3	Heterozygous	AAAB	Allele_007(1)+Allele_048(2)
Library005_barcode15	1	1	Homozygous	AAAA	Allele_016(1)
Library005_barcode16	1	2	Homozygous	AAAA	Allele_036(2)
Library005_barcode17	2	2	Heterozygous	AABB	Allele_016(1)+Allele_048(1)
Library005_barcode18	1	2	Homozygous	AAAA	Allele_021(2)
Library005_barcode19	1	1	Homozygous	AAAA	Allele_037(1)
Library005_barcode20	2	4	Heterozygous	AAAB	Allele_009(1)+Allele_021(3)
Library005_barcode21	2	4	Heterozygous	AAAB	Allele_048(1)+Allele_016(3)
Library005_barcode22	2	4	Heterozygous	AABB	Allele_042(2)+Allele_049(2)
Library005_barcode23	2	3	Heterozygous	AAAB	Allele_030(1)+Allele_022(2)
Library005_barcode24	2	3	Heterozygous	AAAB	Allele_035(1)+Allele_030(2)
Library005_barcode25	2	2	Heterozygous	AABB	Allele_030(1)+Allele_035(1)
Library005_barcode26	1	1	Homozygous	AAAA	Allele_030(1)
Library005_barcode27	1	1	Homozygous	AAAA	Allele_044(1)
Library005_barcode28	1	1	Homozygous	AAAA	Allele_044(1)
Library005_barcode29	1	2	Homozygous	AAAA	Allele_044(2)
Library005_barcode30	1	2	Homozygous	AAAA	Allele_044(2)
Library005_barcode31	1	1	Homozygous	AAAA	Allele_044(1)
Library005_barcode32	2	3	Heterozygous	AAAB	Allele_022(1)+Allele_048(2)
Library005_barcode33	1	2	Homozygous	AAAA	Allele_044(2)
Library005_barcode34	1	1	Homozygous	AAAA	Allele_044(1)
Library005_barcode35	1	3	Homozygous	AAAA	Allele_048(3)
Library005_barcode36	2	2	Heterozygous	AABB	Allele_042(1)+Allele_049(1)
Library006_barcode37	2	3	Heterozygous	AAAB	Allele_048(1)+Allele_045(2)
Library006_barcode38	2	2	Heterozygous	AABB	Allele_012(1)+Allele_044(1)
Library006_barcode39	1	4	Homozygous	AAAA	Allele_045(4)
Library006_barcode40	2	2	Heterozygous	AABB	Allele_039(1)+Allele_044(1)
Library006_barcode41	2	3	Heterozygous	AAAB	Allele_044(1)+Allele_039(2)
Library006_barcode42	1	2	Homozygous	AAAA	Allele_048(2)
Library006_barcode43	1	1	Homozygous	AAAA	Allele_036(1)
Library006_barcode44	2	2	Heterozygous	AABB	Allele_040(1)+Allele_044(1)
Library006_barcode46	1	1	Homozygous	AAAA	Allele_048(1)
Library006_barcode47	1	1	Homozygous	AAAA	Allele_041(1)
Library006_barcode48	1	1	Homozygous	AAAA	Allele_048(1)
Library006_barcode49	1	2	Homozygous	AAAA	Allele_044(2)
Library006_barcode50	1	1	Homozygous	AAAA	Allele_044(1)
Library006_barcode51	1	1	Homozygous	AAAA	Allele_048(1)
Library006_barcode52	2	2	Heterozygous	AABB	Allele_044(1)+Allele_045(1)
Library006_barcode53	1	1	Homozygous	AAAA	Allele_045(1)
Library006_barcode54	2	4	Heterozygous	AABB	Allele_040(2)+Allele_041(2)
Library006_barcode55	1	1	Homozygous	AAAA	Allele_041(1)
Library006_barcode56	2	3	Heterozygous	AAAB	Allele_044(1)+Allele_048(2)
Library006_barcode57	1	1	Homozygous	AAAA	Allele_046(1)
Library006_barcode58	1	1	Homozygous	AAAA	Allele_048(1)
Library006_barcode59	2	4	Heterozygous	AABB	Allele_044(2)+Allele_048(2)
Library006_barcode60	1	2	Homozygous	AAAA	Allele_048(2)
Library006_barcode61	1	1	Homozygous	AAAA	Allele_048(1)
Library006_barcode62	1	4	Homozygous	AAAA	Allele_048(4)
Library006_barcode63	1	2	Homozygous	AAAA	Allele_045(2)
Library006_barcode64	2	2	Heterozygous	AABB	Allele_028(1)+Allele_034(1)
Library006_barcode65	1	2	Homozygous	AAAA	Allele_044(2)
Library006_barcode66	2	2	Heterozygous	AABB	Allele_034(1)+Allele_048(1)
Library007_barcode67	1	1	Homozygous	AAAA	Allele_044(1)
Library007_barcode68	1	1	Homozygous	AAAA	Allele_044(1)
Library007_barcode69	2	3	Heterozygous	AAAB	Allele_054(1)+Allele_044(2)
Library007_barcode70	2	3	Heterozygous	AAAB	Allele_048(1)+Allele_049(2)
Library007_barcode71	1	1	Homozygous	AAAA	Allele_042(1)
Library007_barcode72	1	1	Homozygous	AAAA	Allele_048(1)
Library007_barcode73	2	3	Heterozygous	AAAB	Allele_045(1)+Allele_020(2)
Library007_barcode77	1	1	Homozygous	AAAA	Allele_048(1)
Library007_barcode78	2	2	Heterozygous	AABB	Allele_026(1)+Allele_027(1)
Library007_barcode80	1	1	Homozygous	AAAA	Allele_023(1)
Library007_barcode81	1	3	Homozygous	AAAA	Allele_048(3)
Library007_barcode82	3	4	Heterozygous	AABC	Allele_028(1)+Allele_029(1)+Allele_034(2)
Library007_barcode83	2	3	Heterozygous	AAAB	Allele_028(1)+Allele_018(2)
Library007_barcode84	2	2	Heterozygous	AABB	Allele_028(1)+Allele_044(1)
Library007_barcode85	2	2	Heterozygous	AABB	Allele_034(1)+Allele_050(1)
Library007_barcode86	3	4	Heterozygous	AABC	Allele_045(1)+Allele_048(1)+Allele_046(2)
Library007_barcode87	2	3	Heterozygous	AAAB	Allele_046(1)+Allele_045(2)
Library007_barcode88	1	1	Homozygous	AAAA	Allele_019(1)
Library008_barcode01	2	4	Heterozygous	AAAB	Allele_044(1)+Allele_048(3)
Library008_barcode02	2	4	Heterozygous	AABB	Allele_043(2)+Allele_044(2)
Library008_barcode03	1	2	Homozygous	AAAA	Allele_048(2)
Library008_barcode04	2	2	Heterozygous	AABB	Allele_048(1)+Allele_051(1)
Library008_barcode05	1	2	Homozygous	AAAA	Allele_048(2)
Library008_barcode06	1	2	Homozygous	AAAA	Allele_048(2)
Library008_barcode07	2	3	Heterozygous	AAAB	Allele_044(1)+Allele_048(2)
Library008_barcode08	2	2	Heterozygous	AABB	Allele_044(1)+Allele_053(1)
Library008_barcode09	1	1	Homozygous	AAAA	Allele_048(1)
Library008_barcode10	1	1	Homozygous	AAAA	Allele_043(1)
Library008_barcode11	2	2	Heterozygous	AABB	Allele_044(1)+Allele_048(1)
Library008_barcode12	2	4	Heterozygous	AAAB	Allele_049(1)+Allele_043(3)
Library008_barcode13	2	3	Heterozygous	AAAB	Allele_043(1)+Allele_044(2)
Library008_barcode14	1	1	Homozygous	AAAA	Allele_048(1)
Library008_barcode15	2	3	Heterozygous	AAAB	Allele_044(1)+Allele_043(2)
Library008_barcode16	2	3	Heterozygous	AAAB	Allele_044(1)+Allele_048(2)
Library008_barcode17	1	1	Homozygous	AAAA	Allele_044(1)
Library008_barcode19	2	2	Heterozygous	AABB	Allele_043(1)+Allele_044(1)
Library008_barcode20	2	2	Heterozygous	AABB	Allele_044(1)+Allele_048(1)
Library008_barcode21	1	2	Homozygous	AAAA	Allele_043(2)
Library008_barcode22	3	4	Heterozygous	AABC	Allele_043(1)+Allele_044(1)+Allele_048(2)
Library008_barcode23	2	2	Heterozygous	AABB	Allele_044(1)+Allele_048(1)
Library008_barcode24	1	2	Homozygous	AAAA	Allele_048(2)
Library008_barcode25	2	4	Heterozygous	AABB	Allele_044(2)+Allele_048(2)
Library008_barcode26	1	2	Homozygous	AAAA	Allele_044(2)
Library008_barcode27	1	1	Homozygous	AAAA	Allele_048(1)
Library008_barcode28	1	1	Homozygous	AAAA	Allele_048(1)
Library008_barcode29	1	1	Homozygous	AAAA	Allele_044(1)
Library008_barcode30	1	1	Homozygous	AAAA	Allele_044(1)
Library008_barcode31	1	3	Homozygous	AAAA	Allele_048(3)
Library008_barcode32	1	1	Homozygous	AAAA	Allele_043(1)
Library008_barcode33	1	2	Homozygous	AAAA	Allele_044(2)
Library008_barcode34	1	2	Homozygous	AAAA	Allele_044(2)
Library008_barcode35	2	3	Heterozygous	AAAB	Allele_044(1)+Allele_048(2)
Library008_barcode36	2	2	Heterozygous	AABB	Allele_044(1)+Allele_048(1)
Library008_barcode89	1	1	Homozygous	AAAA	Allele_048(1)
Library008_barcode90	1	1	Homozygous	AAAA	Allele_048(1)
Library008_barcode91	1	1	Homozygous	AAAA	Allele_048(1)
