Individual	Total_sequences	Functional_proteins	Functional_rate	Proteins_in_final_data	In_final_genotype_data	Classification	Top_failure_reasons
SRK_BEA	80	80	1.000	4	Yes	normal	
Library001_barcode01	56	32	0.571	0	No	too_many_alleles	premature_stop(24)
Library001_barcode02	32	23	0.719	8	Yes	normal	premature_stop(9)
Library001_barcode03	8	4	0.500	0	No	dropped_abundance_filter	ambiguous_aa(4);premature_stop(3)
Library001_barcode04	28	25	0.893	3	Yes	normal	premature_stop(3)
Library001_barcode05	40	27	0.675	15	Yes	normal	ambiguous_aa(12);premature_stop(1)
Library001_barcode06	24	24	1.000	12	Yes	normal	
Library001_barcode07	56	19	0.339	8	Yes	low_functional_rate	premature_stop(34);ambiguous_aa(12)
Library001_barcode08	20	15	0.750	11	Yes	normal	ambiguous_aa(4);premature_stop(1)
Library001_barcode09	48	25	0.521	13	Yes	normal	premature_stop(23);ambiguous_aa(4)
Library001_barcode10	44	26	0.591	9	Yes	normal	premature_stop(14);ambiguous_aa(4)
Library001_barcode11	52	26	0.500	10	Yes	normal	premature_stop(26)
Library001_barcode12	44	12	0.273	4	Yes	low_functional_rate	premature_stop(31);ambiguous_aa(4)
Library001_barcode13	32	10	0.312	3	Yes	low_functional_rate	premature_stop(22);ambiguous_aa(8)
Library001_barcode14	60	24	0.400	12	Yes	low_functional_rate	premature_stop(36);ambiguous_aa(12)
Library001_barcode15	36	12	0.333	0	No	dropped_abundance_filter	premature_stop(22);ambiguous_aa(4)
Library001_barcode16	40	14	0.350	4	Yes	low_functional_rate	premature_stop(26)
Library001_barcode17	68	24	0.353	12	Yes	low_functional_rate	premature_stop(40);ambiguous_aa(20)
Library001_barcode18	92	36	0.391	18	Yes	low_functional_rate	premature_stop(56);ambiguous_aa(4)
Library001_barcode19	24	16	0.667	8	Yes	normal	premature_stop(8)
Library001_barcode20	16	12	0.750	6	Yes	normal	premature_stop(4)
Library001_barcode21	56	16	0.286	5	Yes	low_functional_rate	premature_stop(28);ambiguous_aa(24)
Library001_barcode22	56	4	0.071	0	No	dropped_abundance_filter	premature_stop(52);ambiguous_aa(8)
Library002_barcode23	56	38	0.679	20	Yes	normal	premature_stop(18)
Library002_barcode24	24	14	0.583	8	Yes	normal	premature_stop(6);ambiguous_aa(4)
Library002_barcode25	8	0	0.000	0	No	no_functional_proteins	ambiguous_aa(8);premature_stop(2)
Library002_barcode26	28	15	0.536	4	Yes	normal	premature_stop(13)
Library002_barcode27	24	11	0.458	0	No	dropped_abundance_filter	premature_stop(13);ambiguous_aa(8)
Library002_barcode28	36	16	0.444	8	Yes	low_functional_rate	premature_stop(16);ambiguous_aa(12)
Library002_barcode29	24	11	0.458	6	Yes	low_functional_rate	premature_stop(9);ambiguous_aa(8)
Library002_barcode31	48	27	0.562	15	Yes	normal	premature_stop(21);ambiguous_aa(4)
Library002_barcode32	44	30	0.682	13	Yes	normal	premature_stop(11);ambiguous_aa(4)
Library002_barcode33	8	0	0.000	0	No	no_functional_proteins	premature_stop(8)
Library002_barcode34	48	22	0.458	9	Yes	low_functional_rate	premature_stop(22);ambiguous_aa(8)
Library002_barcode35	56	23	0.411	10	Yes	low_functional_rate	premature_stop(33);ambiguous_aa(16)
Library002_barcode36	32	14	0.438	4	Yes	low_functional_rate	premature_stop(18)
Library002_barcode37	32	20	0.625	8	Yes	normal	premature_stop(12);ambiguous_aa(4)
Library002_barcode38	44	26	0.591	12	Yes	normal	premature_stop(14);ambiguous_aa(4)
Library002_barcode39	28	27	0.964	19	Yes	normal	premature_stop(1)
Library002_barcode40	72	52	0.722	0	No	too_many_alleles	premature_stop(20)
Library002_barcode41	64	44	0.688	0	No	too_many_alleles	premature_stop(20)
Library002_barcode42	36	24	0.667	12	Yes	normal	premature_stop(8);ambiguous_aa(4)
Library002_barcode43	32	25	0.781	14	Yes	normal	premature_stop(7);ambiguous_aa(4)
Library002_barcode44	28	8	0.286	4	Yes	low_functional_rate	premature_stop(20);ambiguous_aa(4)
Library002_barcode45	28	8	0.286	0	No	dropped_abundance_filter	premature_stop(20)
Library002_barcode46	32	19	0.594	8	Yes	normal	premature_stop(13);ambiguous_aa(4)
Library002_barcode47	44	24	0.545	12	Yes	normal	premature_stop(13);ambiguous_aa(12)
Library002_barcode48	68	32	0.471	16	Yes	low_functional_rate	premature_stop(32);ambiguous_aa(12)
Library002_barcode49	28	0	0.000	0	No	no_functional_proteins	premature_stop(26);ambiguous_aa(12)
Library002_barcode50	44	22	0.500	11	Yes	normal	premature_stop(19);ambiguous_aa(12)
Library002_barcode51	92	56	0.609	0	No	too_many_alleles	premature_stop(28);ambiguous_aa(12)
Library002_barcode52	16	16	1.000	7	Yes	normal	
Library002_barcode53	68	48	0.706	0	No	too_many_alleles	premature_stop(14);ambiguous_aa(12)
Library002_barcode54	33	12	0.364	8	Yes	low_functional_rate	premature_stop(14);ambiguous_aa(8)
Library002_barcode55	56	28	0.500	11	Yes	normal	premature_stop(24);ambiguous_aa(8)
Library002_barcode56	28	12	0.429	8	Yes	low_functional_rate	premature_stop(8);ambiguous_aa(8)
Library002_barcode57	48	20	0.417	9	Yes	low_functional_rate	ambiguous_aa(24);premature_stop(18)
Library002_barcode58	20	8	0.400	4	Yes	low_functional_rate	premature_stop(12);ambiguous_aa(4)
Library003_barcode60	36	12	0.333	5	Yes	low_functional_rate	premature_stop(22);ambiguous_aa(4)
Library003_barcode61	36	25	0.694	21	Yes	normal	premature_stop(7);ambiguous_aa(4)
Library003_barcode62	52	26	0.500	13	Yes	normal	premature_stop(22);ambiguous_aa(4)
Library003_barcode63	48	10	0.208	5	Yes	low_functional_rate	premature_stop(26);ambiguous_aa(12)
Library003_barcode64	60	30	0.500	15	Yes	normal	premature_stop(20);ambiguous_aa(12)
Library003_barcode65	28	19	0.679	11	Yes	normal	premature_stop(9)
Library003_barcode66	40	20	0.500	9	Yes	normal	premature_stop(20)
Library003_barcode67	32	28	0.875	12	Yes	normal	ambiguous_aa(4)
Library003_barcode68	48	11	0.229	4	Yes	low_functional_rate	premature_stop(33);ambiguous_aa(4)
Library003_barcode69	56	19	0.339	8	Yes	low_functional_rate	premature_stop(27);ambiguous_aa(12)
Library003_barcode70	12	6	0.500	1	Yes	normal	ambiguous_aa(4);premature_stop(3)
Library003_barcode71	76	34	0.447	14	Yes	low_functional_rate	premature_stop(26);ambiguous_aa(20)
Library003_barcode72	24	24	1.000	12	Yes	normal	
Library003_barcode73	24	14	0.583	6	Yes	normal	premature_stop(10)
Library003_barcode74	28	24	0.857	12	Yes	normal	premature_stop(4)
Library003_barcode75	24	0	0.000	0	No	no_functional_proteins	premature_stop(18);ambiguous_aa(12)
Library003_barcode76	52	22	0.423	11	Yes	low_functional_rate	premature_stop(28);ambiguous_aa(4)
Library003_barcode77	36	11	0.306	8	Yes	low_functional_rate	premature_stop(25);ambiguous_aa(16)
Library003_barcode78	16	5	0.312	4	Yes	low_functional_rate	premature_stop(11)
Library004_barcode79	12	11	0.917	10	Yes	normal	premature_stop(1)
Library004_barcode80	24	11	0.458	7	Yes	low_functional_rate	ambiguous_aa(12);premature_stop(5)
Library004_barcode81	40	26	0.650	11	Yes	normal	premature_stop(14)
Library004_barcode82	52	40	0.769	11	Yes	normal	premature_stop(8);ambiguous_aa(4)
Library004_barcode83	24	19	0.792	10	Yes	normal	ambiguous_aa(4);premature_stop(1)
Library004_barcode84	52	16	0.308	4	Yes	low_functional_rate	premature_stop(36);ambiguous_aa(12)
Library004_barcode85	28	16	0.571	16	Yes	normal	premature_stop(12)
Library004_barcode86	32	8	0.250	4	Yes	low_functional_rate	premature_stop(21);ambiguous_aa(4)
Library004_barcode87	36	24	0.667	12	Yes	normal	premature_stop(8);ambiguous_aa(4)
Library004_barcode88	16	4	0.250	4	Yes	low_functional_rate	premature_stop(8);ambiguous_aa(4)
Library004_barcode89	24	16	0.667	12	Yes	normal	premature_stop(8);ambiguous_aa(4)
Library005_barcode01	40	22	0.550	11	Yes	normal	premature_stop(10);ambiguous_aa(8)
Library005_barcode02	44	32	0.727	15	Yes	normal	premature_stop(8);ambiguous_aa(4)
Library005_barcode03	40	20	0.500	10	Yes	normal	premature_stop(16);ambiguous_aa(4)
Library005_barcode04	56	38	0.679	0	No	too_many_alleles	premature_stop(18)
Library005_barcode05	48	16	0.333	7	Yes	low_functional_rate	premature_stop(21);ambiguous_aa(16)
Library005_barcode06	28	0	0.000	0	No	no_functional_proteins	premature_stop(28);ambiguous_aa(12)
Library005_barcode07	60	52	0.867	0	No	too_many_alleles	premature_stop(4);ambiguous_aa(4)
Library005_barcode08	80	40	0.500	20	Yes	normal	premature_stop(34);ambiguous_aa(8)
Library005_barcode09	60	22	0.367	10	Yes	low_functional_rate	ambiguous_aa(28);premature_stop(10)
Library005_barcode10	72	56	0.778	0	No	too_many_alleles	premature_stop(10);ambiguous_aa(8)
Library005_barcode11	16	16	1.000	8	Yes	normal	
Library005_barcode12	56	24	0.429	10	Yes	low_functional_rate	premature_stop(32)
Library005_barcode13	8	4	0.500	2	Yes	normal	premature_stop(4)
Library005_barcode14	88	24	0.273	12	Yes	low_functional_rate	premature_stop(45);ambiguous_aa(24)
Library005_barcode15	24	24	1.000	12	Yes	normal	
Library005_barcode16	16	14	0.875	7	Yes	normal	premature_stop(2)
Library005_barcode17	96	30	0.312	15	Yes	low_functional_rate	premature_stop(52);ambiguous_aa(40)
Library005_barcode18	24	24	1.000	12	Yes	normal	
Library005_barcode19	16	16	1.000	8	Yes	normal	
Library005_barcode20	84	52	0.619	0	No	too_many_alleles	ambiguous_aa(20);premature_stop(17)
Library005_barcode21	48	38	0.792	0	No	too_many_alleles	premature_stop(10)
Library005_barcode22	44	28	0.636	13	Yes	normal	premature_stop(12);ambiguous_aa(4)
Library005_barcode23	56	26	0.464	13	Yes	low_functional_rate	ambiguous_aa(24);premature_stop(22)
Library005_barcode24	64	36	0.562	18	Yes	normal	premature_stop(16);ambiguous_aa(16)
Library005_barcode25	52	12	0.231	3	Yes	low_functional_rate	premature_stop(22);ambiguous_aa(20)
Library005_barcode26	24	6	0.250	3	Yes	low_functional_rate	premature_stop(14);ambiguous_aa(4)
Library005_barcode27	8	7	0.875	7	Yes	normal	premature_stop(1)
Library005_barcode28	36	8	0.222	4	Yes	low_functional_rate	premature_stop(24);ambiguous_aa(4)
Library005_barcode29	28	12	0.429	11	Yes	low_functional_rate	ambiguous_aa(12);premature_stop(8)
Library005_barcode30	24	15	0.625	14	Yes	normal	ambiguous_aa(8);premature_stop(6)
Library005_barcode31	40	32	0.800	15	Yes	normal	premature_stop(5);ambiguous_aa(4)
Library005_barcode32	20	16	0.800	8	Yes	normal	ambiguous_aa(4)
Library005_barcode33	56	30	0.536	16	Yes	normal	premature_stop(22);ambiguous_aa(12)
Library005_barcode34	8	8	1.000	8	Yes	normal	
Library005_barcode35	52	19	0.365	11	Yes	low_functional_rate	premature_stop(33)
Library005_barcode36	72	26	0.361	11	Yes	low_functional_rate	premature_stop(46);ambiguous_aa(8)
Library006_barcode37	64	14	0.219	7	Yes	low_functional_rate	premature_stop(43);ambiguous_aa(16)
Library006_barcode38	88	60	0.682	22	Yes	normal	ambiguous_aa(16);premature_stop(12)
Library006_barcode39	104	52	0.500	0	No	too_many_alleles	ambiguous_aa(32);premature_stop(28)
Library006_barcode40	32	21	0.656	20	Yes	normal	premature_stop(7);ambiguous_aa(4)
Library006_barcode41	28	12	0.429	8	Yes	low_functional_rate	ambiguous_aa(12);premature_stop(8)
Library006_barcode42	16	16	1.000	8	Yes	normal	
Library006_barcode43	24	16	0.667	4	Yes	normal	premature_stop(8)
Library006_barcode44	76	30	0.395	15	Yes	low_functional_rate	premature_stop(46);ambiguous_aa(4)
Library006_barcode45	8	4	0.500	2	Yes	normal	premature_stop(4)
Library006_barcode46	16	8	0.500	8	Yes	normal	premature_stop(8)
Library006_barcode47	24	16	0.667	8	Yes	normal	premature_stop(8)
Library006_barcode48	44	16	0.364	8	Yes	low_functional_rate	premature_stop(25);ambiguous_aa(4)
Library006_barcode49	52	22	0.423	11	Yes	low_functional_rate	premature_stop(26);ambiguous_aa(4)
Library006_barcode50	16	8	0.500	4	Yes	normal	premature_stop(8)
Library006_barcode51	24	8	0.333	4	Yes	low_functional_rate	ambiguous_aa(16);premature_stop(8)
Library006_barcode52	36	12	0.333	3	Yes	low_functional_rate	premature_stop(20);ambiguous_aa(8)
Library006_barcode53	12	7	0.583	7	Yes	normal	premature_stop(5)
Library006_barcode54	68	48	0.706	24	Yes	normal	ambiguous_aa(12);premature_stop(8)
Library006_barcode55	36	16	0.444	8	Yes	low_functional_rate	premature_stop(16);ambiguous_aa(4)
Library006_barcode56	24	11	0.458	11	Yes	low_functional_rate	premature_stop(13);ambiguous_aa(4)
Library006_barcode57	20	20	1.000	8	Yes	normal	
Library006_barcode58	24	4	0.167	4	Yes	low_functional_rate	premature_stop(20)
Library006_barcode59	24	17	0.708	13	Yes	normal	premature_stop(7)
Library006_barcode60	28	24	0.857	12	Yes	normal	ambiguous_aa(4);premature_stop(1)
Library006_barcode61	20	10	0.500	2	Yes	normal	premature_stop(10)
Library006_barcode62	40	20	0.500	12	Yes	normal	ambiguous_aa(12);premature_stop(8)
Library006_barcode63	36	24	0.667	12	Yes	normal	ambiguous_aa(12);premature_stop(9)
Library006_barcode64	24	11	0.458	8	Yes	low_functional_rate	ambiguous_aa(8);premature_stop(6)
Library006_barcode65	24	8	0.333	8	Yes	low_functional_rate	premature_stop(16);ambiguous_aa(8)
Library006_barcode66	24	10	0.417	3	Yes	low_functional_rate	ambiguous_aa(12);premature_stop(6)
Library007_barcode67	36	7	0.194	7	Yes	low_functional_rate	premature_stop(17);ambiguous_aa(12)
Library007_barcode68	32	8	0.250	4	Yes	low_functional_rate	premature_stop(17);ambiguous_aa(16)
Library007_barcode69	40	34	0.850	14	Yes	normal	premature_stop(6)
Library007_barcode70	32	22	0.688	11	Yes	normal	premature_stop(10)
Library007_barcode71	24	8	0.333	4	Yes	low_functional_rate	premature_stop(16)
Library007_barcode72	16	16	1.000	8	Yes	normal	
Library007_barcode73	76	38	0.500	19	Yes	normal	premature_stop(26);ambiguous_aa(12)
Library007_barcode74	52	44	0.846	0	No	too_many_alleles	premature_stop(5);ambiguous_aa(4)
Library007_barcode75	8	6	0.750	3	Yes	normal	premature_stop(2)
Library007_barcode76	72	48	0.667	0	No	too_many_alleles	premature_stop(20);ambiguous_aa(8)
Library007_barcode77	24	8	0.333	4	Yes	low_functional_rate	premature_stop(16)
Library007_barcode78	56	28	0.500	13	Yes	normal	premature_stop(20);ambiguous_aa(8)
Library007_barcode79	40	8	0.200	3	Yes	low_functional_rate	premature_stop(32)
Library007_barcode80	24	20	0.833	8	Yes	normal	premature_stop(4)
Library007_barcode81	48	24	0.500	12	Yes	normal	ambiguous_aa(16);premature_stop(13)
Library007_barcode82	20	14	0.700	6	Yes	normal	premature_stop(6)
Library007_barcode83	44	22	0.500	10	Yes	normal	premature_stop(19);ambiguous_aa(8)
Library007_barcode84	52	24	0.462	7	Yes	low_functional_rate	premature_stop(25);ambiguous_aa(4)
Library007_barcode85	52	20	0.385	10	Yes	low_functional_rate	premature_stop(32)
Library007_barcode86	48	28	0.583	13	Yes	normal	premature_stop(20)
Library007_barcode87	64	32	0.500	14	Yes	normal	premature_stop(24);ambiguous_aa(8)
Library007_barcode88	16	8	0.500	4	Yes	normal	premature_stop(8)
Library008_barcode01	36	20	0.556	20	Yes	normal	ambiguous_aa(12);premature_stop(12)
Library008_barcode02	36	34	0.944	25	Yes	normal	premature_stop(2)
Library008_barcode03	52	16	0.308	8	Yes	low_functional_rate	ambiguous_aa(28);premature_stop(28)
Library008_barcode04	24	16	0.667	8	Yes	normal	premature_stop(8)
Library008_barcode05	20	19	0.950	10	Yes	normal	premature_stop(1)
Library008_barcode06	44	12	0.273	5	Yes	low_functional_rate	premature_stop(32);ambiguous_aa(4)
Library008_barcode07	52	27	0.519	13	Yes	normal	premature_stop(25);ambiguous_aa(8)
Library008_barcode08	52	36	0.692	17	Yes	normal	premature_stop(13);ambiguous_aa(4)
Library008_barcode09	32	16	0.500	7	Yes	normal	premature_stop(8);ambiguous_aa(8)
Library008_barcode10	60	22	0.367	11	Yes	low_functional_rate	premature_stop(28);ambiguous_aa(12)
Library008_barcode11	12	6	0.500	3	Yes	normal	premature_stop(6)
Library008_barcode12	24	16	0.667	8	Yes	normal	premature_stop(8);ambiguous_aa(4)
Library008_barcode13	36	8	0.222	8	Yes	low_functional_rate	premature_stop(20);ambiguous_aa(16)
Library008_barcode14	8	4	0.500	1	Yes	normal	premature_stop(4)
Library008_barcode15	24	19	0.792	15	Yes	normal	premature_stop(5)
Library008_barcode16	16	8	0.500	4	Yes	normal	premature_stop(8)
Library008_barcode17	8	4	0.500	4	Yes	normal	premature_stop(4)
Library008_barcode18	20	0	0.000	0	No	no_functional_proteins	premature_stop(13);ambiguous_aa(12)
Library008_barcode19	40	12	0.300	12	Yes	low_functional_rate	premature_stop(28);ambiguous_aa(8)
Library008_barcode20	36	10	0.278	6	Yes	low_functional_rate	premature_stop(18);ambiguous_aa(8)
Library008_barcode21	16	8	0.500	8	Yes	normal	premature_stop(8)
Library008_barcode22	36	22	0.611	14	Yes	normal	premature_stop(10);ambiguous_aa(4)
Library008_barcode23	52	14	0.269	7	Yes	low_functional_rate	premature_stop(29);ambiguous_aa(12)
Library008_barcode24	44	24	0.545	12	Yes	normal	premature_stop(17);ambiguous_aa(4)
Library008_barcode25	68	48	0.706	24	Yes	normal	ambiguous_aa(12);premature_stop(8)
Library008_barcode26	40	14	0.350	7	Yes	low_functional_rate	premature_stop(26)
Library008_barcode27	40	8	0.200	4	Yes	low_functional_rate	premature_stop(25);ambiguous_aa(16)
Library008_barcode28	28	16	0.571	8	Yes	normal	premature_stop(9);ambiguous_aa(4)
Library008_barcode29	8	8	1.000	4	Yes	normal	
Library008_barcode30	12	6	0.500	4	Yes	normal	premature_stop(6)
Library008_barcode31	36	24	0.667	12	Yes	normal	premature_stop(9);ambiguous_aa(4)
Library008_barcode32	28	7	0.250	7	Yes	low_functional_rate	premature_stop(21)
Library008_barcode33	16	7	0.438	7	Yes	low_functional_rate	premature_stop(9);ambiguous_aa(4)
Library008_barcode34	28	6	0.214	6	Yes	low_functional_rate	premature_stop(14);ambiguous_aa(12)
Library008_barcode35	32	28	0.875	16	Yes	normal	ambiguous_aa(4);premature_stop(1)
Library008_barcode36	44	30	0.682	13	Yes	normal	ambiguous_aa(12);premature_stop(8)
Library008_barcode89	40	16	0.400	8	Yes	low_functional_rate	ambiguous_aa(24);premature_stop(21)
Library008_barcode90	32	16	0.500	8	Yes	normal	ambiguous_aa(16);premature_stop(14)
Library008_barcode91	16	8	0.500	4	Yes	normal	premature_stop(8)
Library009_barcode01	32	8	0.250	4	Yes	low_functional_rate	premature_stop(24)
Library009_barcode02	24	6	0.250	3	Yes	low_functional_rate	premature_stop(18)
Library009_barcode03	60	26	0.433	9	Yes	low_functional_rate	premature_stop(34);ambiguous_aa(12)
Library009_barcode04	12	4	0.333	4	Yes	low_functional_rate	premature_stop(8)
Library009_barcode05	32	8	0.250	4	Yes	low_functional_rate	premature_stop(24)
Library009_barcode06	24	8	0.333	4	Yes	low_functional_rate	premature_stop(16)
Library009_barcode07	64	44	0.688	0	No	too_many_alleles	premature_stop(20)
Library009_barcode08	28	0	0.000	0	No	no_functional_proteins	ambiguous_aa(28);premature_stop(8)
Library009_barcode09	64	46	0.719	0	No	too_many_alleles	ambiguous_aa(16);premature_stop(12)
Library009_barcode10	32	16	0.500	8	Yes	normal	premature_stop(16)
Library009_barcode11	32	32	1.000	16	Yes	normal	
Library009_barcode12	24	14	0.583	7	Yes	normal	premature_stop(10)
Library009_barcode13	32	24	0.750	12	Yes	normal	premature_stop(8)
Library009_barcode14	56	34	0.607	15	Yes	normal	premature_stop(14);ambiguous_aa(8)
Library009_barcode15	40	24	0.600	8	Yes	normal	premature_stop(12);ambiguous_aa(4)
Library009_barcode16	44	20	0.455	8	Yes	low_functional_rate	premature_stop(24)
Library009_barcode17	24	8	0.333	4	Yes	low_functional_rate	premature_stop(16)
Library009_barcode18	40	28	0.700	14	Yes	normal	ambiguous_aa(8);premature_stop(5)
Library009_barcode19	24	6	0.250	3	Yes	low_functional_rate	premature_stop(18)
Library009_barcode20	44	20	0.455	9	Yes	low_functional_rate	premature_stop(21);ambiguous_aa(4)
Library009_barcode21	28	4	0.143	2	Yes	low_functional_rate	premature_stop(15);ambiguous_aa(12)
Library009_barcode22	64	20	0.312	10	Yes	low_functional_rate	premature_stop(25);ambiguous_aa(24)
Library009_barcode23	32	8	0.250	4	Yes	low_functional_rate	premature_stop(24)
Library009_barcode24	24	14	0.583	8	Yes	normal	ambiguous_aa(8);premature_stop(2)
Library009_barcode25	32	16	0.500	8	Yes	normal	premature_stop(16)
Library009_barcode26	44	14	0.318	3	Yes	low_functional_rate	premature_stop(30);ambiguous_aa(4)
Library009_barcode27	24	19	0.792	8	Yes	normal	ambiguous_aa(4);premature_stop(2)
Library009_barcode28	24	8	0.333	4	Yes	low_functional_rate	premature_stop(16);ambiguous_aa(4)
Library009_barcode29	56	9	0.161	4	Yes	low_functional_rate	premature_stop(43);ambiguous_aa(4)
Library009_barcode30	24	12	0.500	12	Yes	normal	premature_stop(12)
Library009_barcode31	64	12	0.188	8	Yes	low_functional_rate	ambiguous_aa(44);premature_stop(13)
Library009_barcode33	24	8	0.333	4	Yes	low_functional_rate	premature_stop(16)
Library009_barcode34	60	30	0.500	8	Yes	normal	ambiguous_aa(20);premature_stop(18)
Library009_barcode35	24	11	0.458	8	Yes	low_functional_rate	premature_stop(13);ambiguous_aa(4)
Library009_barcode36	44	32	0.727	15	Yes	normal	premature_stop(9);ambiguous_aa(4)
Library009_barcode37	68	30	0.441	12	Yes	low_functional_rate	premature_stop(29);ambiguous_aa(20)
Library009_barcode38	40	16	0.400	8	Yes	low_functional_rate	premature_stop(22);ambiguous_aa(16)
Library009_barcode39	56	34	0.607	12	Yes	normal	premature_stop(22)
Library009_barcode40	16	0	0.000	0	No	no_functional_proteins	ambiguous_aa(16);premature_stop(6)
Library009_barcode41	60	32	0.533	14	Yes	normal	premature_stop(20);ambiguous_aa(12)
Library009_barcode42	44	14	0.318	7	Yes	low_functional_rate	premature_stop(28);ambiguous_aa(4)
Library009_barcode43	76	44	0.579	0	No	too_many_alleles	premature_stop(20);ambiguous_aa(20)
Library009_barcode44	64	32	0.500	14	Yes	normal	premature_stop(32);ambiguous_aa(16)
Library009_barcode45	56	27	0.482	15	Yes	low_functional_rate	premature_stop(28);ambiguous_aa(4)
Library009_barcode46	20	10	0.500	10	Yes	normal	premature_stop(10)
Library009_barcode47	24	9	0.375	2	Yes	low_functional_rate	premature_stop(15)
Library009_barcode48	32	30	0.938	10	Yes	normal	premature_stop(2)
Library009_barcode49	32	16	0.500	8	Yes	normal	premature_stop(16)
Library009_barcode50	24	24	1.000	12	Yes	normal	
Library009_barcode51	32	24	0.750	12	Yes	normal	premature_stop(8)
Library009_barcode52	68	30	0.441	13	Yes	low_functional_rate	premature_stop(38);ambiguous_aa(12)
Library009_barcode53	44	24	0.545	12	Yes	normal	premature_stop(20)
Library009_barcode54	32	22	0.688	11	Yes	normal	premature_stop(10)
Library009_barcode55	44	24	0.545	13	Yes	normal	premature_stop(20)
Library009_barcode56	64	26	0.406	10	Yes	low_functional_rate	premature_stop(38)
Library009_barcode57	12	0	0.000	0	No	no_functional_proteins	premature_stop(12)
Library009_barcode58	60	10	0.167	0	No	dropped_abundance_filter	premature_stop(50)
Library009_barcode59	40	30	0.750	0	No	too_many_alleles	premature_stop(10)
Library009_barcode60	40	14	0.350	7	Yes	low_functional_rate	premature_stop(18);ambiguous_aa(8)
Library009_barcode61	44	21	0.477	9	Yes	low_functional_rate	premature_stop(19);ambiguous_aa(4)
Library009_barcode62	36	18	0.500	15	Yes	normal	premature_stop(15);ambiguous_aa(12)
Library009_barcode63	84	32	0.381	16	Yes	low_functional_rate	premature_stop(40);ambiguous_aa(28)
Library009_barcode64	16	8	0.500	0	No	dropped_abundance_filter	premature_stop(4);ambiguous_aa(4)
Library009_barcode65	28	18	0.643	7	Yes	normal	premature_stop(10)
Library009_barcode66	40	38	0.950	15	Yes	normal	premature_stop(2)
Library009_barcode67	36	14	0.389	7	Yes	low_functional_rate	premature_stop(22);ambiguous_aa(4)
Library009_barcode68	36	24	0.667	12	Yes	normal	ambiguous_aa(12);premature_stop(10)
Library009_barcode69	36	8	0.222	4	Yes	low_functional_rate	premature_stop(28);ambiguous_aa(12)
Library009_barcode70	8	8	1.000	4	Yes	normal	
Library009_barcode71	56	26	0.464	15	Yes	low_functional_rate	premature_stop(22);ambiguous_aa(8)
Library009_barcode73	8	0	0.000	0	No	no_functional_proteins	premature_stop(8)
Library009_barcode74	56	44	0.786	0	No	too_many_alleles	premature_stop(12)
Library009_barcode75	24	8	0.333	8	Yes	low_functional_rate	ambiguous_aa(16);premature_stop(12)
Library009_barcode76	48	34	0.708	16	Yes	normal	premature_stop(14);ambiguous_aa(4)
Library009_barcode77	36	8	0.222	4	Yes	low_functional_rate	premature_stop(21);ambiguous_aa(12)
Library009_barcode78	24	14	0.583	14	Yes	normal	premature_stop(10)
Library009_barcode79	40	33	0.825	0	No	too_many_alleles	ambiguous_aa(4);premature_stop(3)
Library009_barcode80	52	30	0.577	14	Yes	normal	premature_stop(15);ambiguous_aa(12)
Library009_barcode81	56	28	0.500	13	Yes	normal	premature_stop(20);ambiguous_aa(8)
Library009_barcode82	44	28	0.636	11	Yes	normal	premature_stop(13);ambiguous_aa(4)
Library009_barcode83	40	12	0.300	8	Yes	low_functional_rate	premature_stop(20);ambiguous_aa(12)
Library009_barcode84	64	40	0.625	19	Yes	normal	ambiguous_aa(16);premature_stop(8)
Library009_barcode85	36	8	0.222	4	Yes	low_functional_rate	premature_stop(28);ambiguous_aa(4)
Library009_barcode86	64	16	0.250	4	Yes	low_functional_rate	premature_stop(48);ambiguous_aa(8)
Library009_barcode87	48	12	0.250	8	Yes	low_functional_rate	premature_stop(24);ambiguous_aa(20)
Library009_barcode88	48	16	0.333	8	Yes	low_functional_rate	premature_stop(23);ambiguous_aa(12)
Library009_barcode90	63	28	0.444	12	Yes	low_functional_rate	premature_stop(27);ambiguous_aa(15)
Library009_barcode91	16	16	1.000	8	Yes	normal	
Library009_barcode92	24	6	0.250	6	Yes	low_functional_rate	premature_stop(18);ambiguous_aa(8)
Library009_barcode93	16	8	0.500	4	Yes	normal	premature_stop(8)
Library009_barcode94	36	11	0.306	3	Yes	low_functional_rate	premature_stop(18);ambiguous_aa(12)
Library009_barcode95	48	22	0.458	7	Yes	low_functional_rate	premature_stop(23);ambiguous_aa(8)
Library009_barcode96	32	16	0.500	8	Yes	normal	premature_stop(16);ambiguous_aa(8)
Library010_barcode01	16	8	0.500	2	Yes	normal	premature_stop(8)
Library010_barcode02	40	18	0.450	6	Yes	low_functional_rate	premature_stop(22)
Library010_barcode03	24	12	0.500	8	Yes	normal	premature_stop(12)
Library010_barcode05	16	8	0.500	4	Yes	normal	premature_stop(8)
Library010_barcode06	12	7	0.583	3	Yes	normal	premature_stop(5)
Library010_barcode07	16	11	0.688	8	Yes	normal	premature_stop(5)
Library010_barcode08	16	12	0.750	8	Yes	normal	premature_stop(4)
Library010_barcode09	16	8	0.500	8	Yes	normal	premature_stop(8)
Library010_barcode10	16	8	0.500	8	Yes	normal	premature_stop(8)
Library010_barcode11	16	8	0.500	4	Yes	normal	ambiguous_aa(4);premature_stop(4)
Library010_barcode13	36	15	0.417	0	No	dropped_abundance_filter	premature_stop(18);ambiguous_aa(4)
Library010_barcode14	16	8	0.500	4	Yes	normal	premature_stop(8)
Library010_barcode15	28	20	0.714	15	Yes	normal	premature_stop(8)
Library010_barcode16	28	15	0.536	7	Yes	normal	premature_stop(11);ambiguous_aa(4)
Library010_barcode17	28	8	0.286	4	Yes	low_functional_rate	premature_stop(20);ambiguous_aa(4)
Library010_barcode18	32	10	0.312	9	Yes	low_functional_rate	premature_stop(22)
Library010_barcode19	12	12	1.000	4	Yes	normal	
Library010_barcode20	20	14	0.700	4	Yes	normal	premature_stop(6)
Library010_barcode21	32	26	0.812	13	Yes	normal	premature_stop(6)
Library010_barcode22	12	4	0.333	4	Yes	low_functional_rate	premature_stop(8)
Library010_barcode23	28	22	0.786	0	No	too_many_alleles	premature_stop(6)
Library010_barcode24	16	7	0.438	3	Yes	low_functional_rate	premature_stop(9)
Library010_barcode25	24	8	0.333	0	No	dropped_abundance_filter	premature_stop(16)
Library010_barcode26	24	8	0.333	4	Yes	low_functional_rate	premature_stop(16)
Library010_barcode27	20	8	0.400	4	Yes	low_functional_rate	premature_stop(8);ambiguous_aa(4)
Library010_barcode28	40	24	0.600	16	Yes	normal	premature_stop(13);ambiguous_aa(4)
Library010_barcode29	32	21	0.656	5	Yes	normal	premature_stop(11)
Library010_barcode30	8	4	0.500	0	No	dropped_abundance_filter	premature_stop(4)
Library010_barcode32	24	15	0.625	11	Yes	normal	premature_stop(9)
Library010_barcode33	12	8	0.667	8	Yes	normal	premature_stop(4)
Library010_barcode34	20	8	0.400	4	Yes	low_functional_rate	premature_stop(12)
Library010_barcode36	12	12	1.000	3	Yes	normal	
Library010_barcode37	32	17	0.531	8	Yes	normal	premature_stop(15);ambiguous_aa(4)
Library010_barcode38	20	11	0.550	2	Yes	normal	premature_stop(9);ambiguous_aa(4)
Library010_barcode39	16	12	0.750	7	Yes	normal	premature_stop(4)
Library010_barcode40	28	2	0.071	2	Yes	low_functional_rate	premature_stop(26)
Library010_barcode41	12	4	0.333	4	Yes	low_functional_rate	premature_stop(8)
Library010_barcode43	12	2	0.167	2	Yes	low_functional_rate	premature_stop(10)
Library010_barcode44	32	20	0.625	16	Yes	normal	premature_stop(12)
Library010_barcode45	24	8	0.333	8	Yes	low_functional_rate	premature_stop(16)
Library010_barcode46	16	0	0.000	0	No	no_functional_proteins	premature_stop(12);ambiguous_aa(8)
Library010_barcode49	12	8	0.667	4	Yes	normal	premature_stop(4)
Library010_barcode51	28	21	0.750	8	Yes	normal	premature_stop(7)
Library010_barcode52	16	7	0.438	7	Yes	low_functional_rate	ambiguous_aa(8);premature_stop(1)
Library010_barcode53	24	0	0.000	0	No	no_functional_proteins	premature_stop(24)
Library010_barcode55	20	0	0.000	0	No	no_functional_proteins	premature_stop(20)
Library010_barcode56	16	8	0.500	5	Yes	normal	premature_stop(4);ambiguous_aa(4)
Library010_barcode57	24	12	0.500	12	Yes	normal	premature_stop(8);ambiguous_aa(4)
Library010_barcode59	16	4	0.250	3	Yes	low_functional_rate	premature_stop(12)
Library010_barcode60	12	4	0.333	3	Yes	low_functional_rate	premature_stop(8)
Library010_barcode62	12	8	0.667	8	Yes	normal	premature_stop(4)
Library010_barcode63	16	4	0.250	0	No	dropped_abundance_filter	premature_stop(12)
Library010_barcode64	12	8	0.667	4	Yes	normal	premature_stop(4)
Library010_barcode66	28	4	0.143	4	Yes	low_functional_rate	premature_stop(20);ambiguous_aa(8)
Library010_barcode71	12	4	0.333	4	Yes	low_functional_rate	premature_stop(8);ambiguous_aa(4)
Library010_barcode72	4	0	0.000	0	No	no_functional_proteins	premature_stop(4)
Library010_barcode73	16	11	0.688	9	Yes	normal	ambiguous_aa(4);premature_stop(1)
Library010_barcode74	12	9	0.750	3	Yes	normal	premature_stop(3)
Library010_barcode75	16	14	0.875	6	Yes	normal	premature_stop(2)
Library010_barcode76	16	8	0.500	4	Yes	normal	premature_stop(8)
Library010_barcode77	28	19	0.679	18	Yes	normal	premature_stop(9)
Library010_barcode79	4	2	0.500	2	Yes	normal	premature_stop(2)
Library010_barcode80	16	8	0.500	8	Yes	normal	premature_stop(8)
Library010_barcode81	16	13	0.812	1	Yes	normal	premature_stop(3)
Library010_barcode82	20	12	0.600	6	Yes	normal	premature_stop(8)
Library010_barcode83	28	15	0.536	7	Yes	normal	premature_stop(9);ambiguous_aa(4)
Library010_barcode84	20	12	0.600	5	Yes	normal	ambiguous_aa(4);premature_stop(4)
Library010_barcode86	16	4	0.250	4	Yes	low_functional_rate	premature_stop(9);ambiguous_aa(4)
Library010_barcode87	20	4	0.200	4	Yes	low_functional_rate	premature_stop(16)
Library010_barcode88	12	7	0.583	7	Yes	normal	premature_stop(5)
Library010_barcode94	8	8	1.000	4	Yes	normal	
Library011_barcode05	16	12	0.750	8	Yes	normal	premature_stop(4)
Library011_barcode07	12	7	0.583	3	Yes	normal	premature_stop(5)
Library011_barcode13	32	23	0.719	15	Yes	normal	premature_stop(6);ambiguous_aa(4)
Library011_barcode16	8	4	0.500	4	Yes	normal	premature_stop(4)
Library011_barcode33	8	5	0.625	2	Yes	normal	premature_stop(3)
Library011_barcode35	4	2	0.500	0	No	dropped_abundance_filter	premature_stop(2)
Library011_barcode36	28	25	0.893	10	Yes	normal	premature_stop(3)
Library011_barcode37	4	3	0.750	3	Yes	normal	premature_stop(1)
Library011_barcode38	8	4	0.500	4	Yes	normal	premature_stop(4)
Library011_barcode39	8	5	0.625	5	Yes	normal	premature_stop(3)
Library011_barcode41	16	7	0.438	0	No	dropped_abundance_filter	premature_stop(5);ambiguous_aa(4)
Library011_barcode42	8	8	1.000	0	No	dropped_abundance_filter	
Library011_barcode43	4	2	0.500	2	Yes	normal	premature_stop(2)
Library011_barcode44	4	2	0.500	0	No	dropped_abundance_filter	premature_stop(2)
Library011_barcode45	4	3	0.750	0	No	dropped_abundance_filter	premature_stop(1)
Library011_barcode47	20	12	0.600	2	Yes	normal	premature_stop(8)
Library011_barcode48	4	2	0.500	0	No	dropped_abundance_filter	premature_stop(2)
Library011_barcode49	4	2	0.500	1	Yes	normal	premature_stop(2)
Library011_barcode50	4	4	1.000	4	Yes	normal	
Library011_barcode51	12	7	0.583	7	Yes	normal	premature_stop(5)
Library011_barcode52	8	6	0.750	0	No	dropped_abundance_filter	premature_stop(2)
Library011_barcode53	4	3	0.750	0	No	dropped_abundance_filter	premature_stop(1)
Library011_barcode55	4	3	0.750	0	No	dropped_abundance_filter	premature_stop(1)
Library011_barcode58	4	4	1.000	3	Yes	normal	
Library011_barcode59	8	7	0.875	7	Yes	normal	premature_stop(1)
Library011_barcode60	20	11	0.550	7	Yes	normal	premature_stop(9)
Library011_barcode61	4	3	0.750	3	Yes	normal	premature_stop(1)
Library011_barcode62	4	3	0.750	3	Yes	normal	premature_stop(1)
Library011_barcode65	8	8	1.000	0	No	dropped_abundance_filter	
Library011_barcode66	8	5	0.625	3	Yes	normal	premature_stop(3)
Library011_barcode67	12	4	0.333	0	No	dropped_abundance_filter	premature_stop(8)
Library011_barcode69	24	6	0.250	0	No	dropped_abundance_filter	premature_stop(14);ambiguous_aa(8)
Library011_barcode70	4	3	0.750	3	Yes	normal	premature_stop(1)
Library011_barcode73	20	17	0.850	8	Yes	normal	premature_stop(3)
Library011_barcode74	16	16	1.000	11	Yes	normal	
Library011_barcode75	36	11	0.306	4	Yes	low_functional_rate	premature_stop(25)
Library011_barcode77	16	4	0.250	4	Yes	low_functional_rate	premature_stop(12)
Library011_barcode78	4	2	0.500	0	No	dropped_abundance_filter	premature_stop(2)
Library011_barcode79	8	3	0.375	0	No	dropped_abundance_filter	ambiguous_aa(4);premature_stop(1)
Library011_barcode80	4	2	0.500	0	No	dropped_abundance_filter	premature_stop(2)
Library011_barcode82	8	8	1.000	8	Yes	normal	
Library011_barcode83	32	13	0.406	8	Yes	low_functional_rate	premature_stop(15);ambiguous_aa(8)
Library011_barcode84	4	3	0.750	3	Yes	normal	premature_stop(1)
Library011_barcode85	12	8	0.667	8	Yes	normal	premature_stop(4)
Library011_barcode87	32	19	0.594	8	Yes	normal	premature_stop(13)
Library011_barcode88	8	5	0.625	2	Yes	normal	premature_stop(3)
Library011_barcode89	4	3	0.750	3	Yes	normal	premature_stop(1)
Library011_barcode90	24	11	0.458	7	Yes	low_functional_rate	premature_stop(13)
Library011_barcode91	20	10	0.500	8	Yes	normal	premature_stop(10)
Library011_barcode92	24	14	0.583	14	Yes	normal	premature_stop(10)
Library011_barcode93	28	20	0.714	17	Yes	normal	premature_stop(8)
Library011_barcode94	8	4	0.500	4	Yes	normal	premature_stop(4)
Library011_barcode95	8	2	0.250	2	Yes	low_functional_rate	premature_stop(6)
Library011_barcode96	8	3	0.375	3	Yes	low_functional_rate	premature_stop(5)
