Lab_action,Sample_ID,DNA_Extraction,Library,Barcode,EO,EO_normalised,BL_inferred,n_raw_haps,Proteins_in_final_data,Exclusion_stage,Recommended_action,Redo_reason_SI
Re-DNA-extraction,Library002_barcode40,112,2,40,8,EO08,BL1,36,0.0,Step 9 — too_many_alleles,Re-isolate tissue from a single plant + re-extract DNA. >4 distinct functional proteins per individual indicates mixed/contaminated DNA stock; re-PCR will preserve the contamination. Verify single-plant origin of the source tissue before re-extracting.,
Re-DNA-extraction,Library002_barcode51,65,2,51,18,EO18,BL5,64,0.0,Step 9 — too_many_alleles,Re-isolate tissue from a single plant + re-extract DNA. >4 distinct functional proteins per individual indicates mixed/contaminated DNA stock; re-PCR will preserve the contamination. Verify single-plant origin of the source tissue before re-extracting.,
Re-DNA-extraction,Library010_barcode23,444,10,23,18,EO18,BL5,28,0.0,Step 9 — too_many_alleles,Re-isolate tissue from a single plant + re-extract DNA. >4 distinct functional proteins per individual indicates mixed/contaminated DNA stock; re-PCR will preserve the contamination. Verify single-plant origin of the source tissue before re-extracting.,
Re-DNA-extraction,Library002_barcode41,122,2,41,24-14,EO24,BL5,52,0.0,Step 9 — too_many_alleles,Re-isolate tissue from a single plant + re-extract DNA. >4 distinct functional proteins per individual indicates mixed/contaminated DNA stock; re-PCR will preserve the contamination. Verify single-plant origin of the source tissue before re-extracting.,
Re-DNA-extraction,Library009_barcode43,386,9,43,25,EO25,BL5,52,0.0,Step 9 — too_many_alleles,Re-isolate tissue from a single plant + re-extract DNA. >4 distinct functional proteins per individual indicates mixed/contaminated DNA stock; re-PCR will preserve the contamination. Verify single-plant origin of the source tissue before re-extracting.,
Re-DNA-extraction,Library006_barcode39,236,6,39,27,EO27,BL4,84,0.0,Step 9 — too_many_alleles,Re-isolate tissue from a single plant + re-extract DNA. >4 distinct functional proteins per individual indicates mixed/contaminated DNA stock; re-PCR will preserve the contamination. Verify single-plant origin of the source tissue before re-extracting.,
Re-DNA-extraction,Library007_barcode74,271,7,74,27,EO27,BL4,36,0.0,Step 9 — too_many_alleles,Re-isolate tissue from a single plant + re-extract DNA. >4 distinct functional proteins per individual indicates mixed/contaminated DNA stock; re-PCR will preserve the contamination. Verify single-plant origin of the source tissue before re-extracting.,
Re-DNA-extraction,Library007_barcode76,273,7,76,27,EO27,BL4,44,0.0,Step 9 — too_many_alleles,Re-isolate tissue from a single plant + re-extract DNA. >4 distinct functional proteins per individual indicates mixed/contaminated DNA stock; re-PCR will preserve the contamination. Verify single-plant origin of the source tissue before re-extracting.,
Re-DNA-extraction,Library009_barcode79,414,9,79,27,EO27,BL4,36,0.0,Step 9 — too_many_alleles,Re-isolate tissue from a single plant + re-extract DNA. >4 distinct functional proteins per individual indicates mixed/contaminated DNA stock; re-PCR will preserve the contamination. Verify single-plant origin of the source tissue before re-extracting.,
Re-DNA-extraction,Library001_barcode01,103,1,1,27rt,EO27rt,Unassigned,28,0.0,Step 9 — too_many_alleles,Re-isolate tissue from a single plant + re-extract DNA. >4 distinct functional proteins per individual indicates mixed/contaminated DNA stock; re-PCR will preserve the contamination. Verify single-plant origin of the source tissue before re-extracting.,
Re-DNA-extraction,Library002_barcode53,151,2,53,715-1,EO715,Unassigned,48,0.0,Step 9 — too_many_alleles,Re-isolate tissue from a single plant + re-extract DNA. >4 distinct functional proteins per individual indicates mixed/contaminated DNA stock; re-PCR will preserve the contamination. Verify single-plant origin of the source tissue before re-extracting.,
Re-DNA-extraction,Library005_barcode04,199,5,4,76,EO76,BL3,28,0.0,Step 9 — too_many_alleles,Re-isolate tissue from a single plant + re-extract DNA. >4 distinct functional proteins per individual indicates mixed/contaminated DNA stock; re-PCR will preserve the contamination. Verify single-plant origin of the source tissue before re-extracting.,
Re-DNA-extraction,Library005_barcode07,202,5,7,76,EO76,BL3,36,0.0,Step 9 — too_many_alleles,Re-isolate tissue from a single plant + re-extract DNA. >4 distinct functional proteins per individual indicates mixed/contaminated DNA stock; re-PCR will preserve the contamination. Verify single-plant origin of the source tissue before re-extracting.,
Re-DNA-extraction,Library005_barcode10,205,5,10,76,EO76,BL3,48,0.0,Step 9 — too_many_alleles,Re-isolate tissue from a single plant + re-extract DNA. >4 distinct functional proteins per individual indicates mixed/contaminated DNA stock; re-PCR will preserve the contamination. Verify single-plant origin of the source tissue before re-extracting.,
Re-DNA-extraction,Library005_barcode20,216,5,20,76,EO76,BL3,64,0.0,Step 9 — too_many_alleles,Re-isolate tissue from a single plant + re-extract DNA. >4 distinct functional proteins per individual indicates mixed/contaminated DNA stock; re-PCR will preserve the contamination. Verify single-plant origin of the source tissue before re-extracting.,
Re-DNA-extraction,Library005_barcode21,217,5,21,76,EO76,BL3,36,0.0,Step 9 — too_many_alleles,Re-isolate tissue from a single plant + re-extract DNA. >4 distinct functional proteins per individual indicates mixed/contaminated DNA stock; re-PCR will preserve the contamination. Verify single-plant origin of the source tissue before re-extracting.,
Re-DNA-extraction,Library009_barcode07,342,9,7,76,EO76,BL3,36,0.0,Step 9 — too_many_alleles,Re-isolate tissue from a single plant + re-extract DNA. >4 distinct functional proteins per individual indicates mixed/contaminated DNA stock; re-PCR will preserve the contamination. Verify single-plant origin of the source tissue before re-extracting.,
Re-DNA-extraction,Library009_barcode09,356,9,9,76,EO76,BL3,48,0.0,Step 9 — too_many_alleles,Re-isolate tissue from a single plant + re-extract DNA. >4 distinct functional proteins per individual indicates mixed/contaminated DNA stock; re-PCR will preserve the contamination. Verify single-plant origin of the source tissue before re-extracting.,
Re-DNA-extraction,Library009_barcode59,394,9,59,76,EO76,BL3,20,0.0,Step 9 — too_many_alleles,Re-isolate tissue from a single plant + re-extract DNA. >4 distinct functional proteins per individual indicates mixed/contaminated DNA stock; re-PCR will preserve the contamination. Verify single-plant origin of the source tissue before re-extracting.,
Re-DNA-extraction,Library009_barcode74,419,9,74,76,EO76,BL3,32,0.0,Step 9 — too_many_alleles,Re-isolate tissue from a single plant + re-extract DNA. >4 distinct functional proteins per individual indicates mixed/contaminated DNA stock; re-PCR will preserve the contamination. Verify single-plant origin of the source tissue before re-extracting.,
Re-PCR,Library009_barcode89,,9,89,,,Unassigned,0,,Stage 3 — no assembly,Re-PCR (no Canu assembly produced — try fresh primers / longer extension),
Re-PCR,Library010_barcode89,,10,89,,,Unassigned,0,,Stage 3 — no assembly,Re-PCR (no Canu assembly produced — try fresh primers / longer extension),
Re-PCR,Library011_barcode41,541,11,41,8,EO08,BL1,0,0.0,Stage 3 — no assembly,Re-PCR (no Canu assembly produced — try fresh primers / longer extension),
Re-PCR,Library011_barcode42,540,11,42,8,EO08,BL1,0,0.0,Stage 3 — no assembly,Re-PCR (no Canu assembly produced — try fresh primers / longer extension),
Re-PCR,Library011_barcode44,538,11,44,8,EO08,BL1,0,0.0,Stage 3 — no assembly,Re-PCR (no Canu assembly produced — try fresh primers / longer extension),
Re-PCR,Library011_barcode45,537,11,45,8,EO08,BL1,0,0.0,Stage 3 — no assembly,Re-PCR (no Canu assembly produced — try fresh primers / longer extension),
Re-PCR,Library011_barcode46,536,11,46,8,EO08,BL1,0,,Stage 3 — no assembly,Re-PCR (no Canu assembly produced — try fresh primers / longer extension),
Re-PCR,Library011_barcode48,534,11,48,8,EO08,BL1,0,0.0,Stage 3 — no assembly,Re-PCR (no Canu assembly produced — try fresh primers / longer extension),
Re-PCR,Library011_barcode52,546,11,52,8,EO08,BL1,0,0.0,Stage 3 — no assembly,Re-PCR (no Canu assembly produced — try fresh primers / longer extension),
Re-PCR,Library011_barcode53,545,11,53,8,EO08,BL1,0,0.0,Stage 3 — no assembly,Re-PCR (no Canu assembly produced — try fresh primers / longer extension),
Re-PCR,Library011_barcode54,544,11,54,8,EO08,BL1,0,,Stage 3 — no assembly,Re-PCR (no Canu assembly produced — try fresh primers / longer extension),
Re-PCR,Library011_barcode55,543,11,55,8,EO08,BL1,0,0.0,Stage 3 — no assembly,Re-PCR (no Canu assembly produced — try fresh primers / longer extension),
Re-PCR,Library011_barcode56,542,11,56,8,EO08,BL1,0,,Stage 3 — no assembly,Re-PCR (no Canu assembly produced — try fresh primers / longer extension),
Re-PCR,Library011_barcode65,565,11,65,8,EO08,BL1,0,0.0,Stage 3 — no assembly,Re-PCR (no Canu assembly produced — try fresh primers / longer extension),
Re-PCR,Library011_barcode67,563,11,67,8,EO08,BL1,0,0.0,Stage 3 — no assembly,Re-PCR (no Canu assembly produced — try fresh primers / longer extension),
Re-PCR,Library011_barcode68,562,11,68,8,EO08,BL1,0,,Stage 3 — no assembly,Re-PCR (no Canu assembly produced — try fresh primers / longer extension),
Re-PCR,Library011_barcode69,561,11,69,8,EO08,BL1,0,0.0,Stage 3 — no assembly,Re-PCR (no Canu assembly produced — try fresh primers / longer extension),
Re-PCR,Library011_barcode76,570,11,76,8,EO08,BL1,0,,Stage 3 — no assembly,Re-PCR (no Canu assembly produced — try fresh primers / longer extension),
Re-PCR,Library011_barcode78,568,11,78,8,EO08,BL1,0,0.0,Stage 3 — no assembly,Re-PCR (no Canu assembly produced — try fresh primers / longer extension),
Re-PCR,Library011_barcode79,567,11,79,8,EO08,BL1,0,0.0,Stage 3 — no assembly,Re-PCR (no Canu assembly produced — try fresh primers / longer extension),
Re-PCR,Library011_barcode80,566,11,80,8,EO08,BL1,0,0.0,Stage 3 — no assembly,Re-PCR (no Canu assembly produced — try fresh primers / longer extension),
Re-PCR,Library010_barcode04,297,10,4,18,EO18,BL5,40,,Step 4b — BLAST coverage filter,"Re-PCR (current amplicon is SRK paralog rather than canonical SRK; PCR competition may resolve stochastically — if same paralog signature persists across replicates, consider primer re-design)",
Re-PCR,Library010_barcode12,439,10,12,18,EO18,BL5,48,,Step 4b — BLAST coverage filter,"Re-PCR (current amplicon is SRK paralog rather than canonical SRK; PCR competition may resolve stochastically — if same paralog signature persists across replicates, consider primer re-design)",
Re-PCR,Library010_barcode13,438,10,13,18,EO18,BL5,72,0.0,Step 9 — dropped_abundance_filter,Re-PCR (low yield — singleton functional proteins below abundance threshold; re-amplify for more product),
Re-PCR,Library010_barcode25,458,10,25,18,EO18,BL5,48,0.0,Step 9 — dropped_abundance_filter,Re-PCR (low yield — singleton functional proteins below abundance threshold; re-amplify for more product),
Re-PCR,Library010_barcode30,453,10,30,18,EO18,BL5,28,0.0,Step 9 — dropped_abundance_filter,Re-PCR (low yield — singleton functional proteins below abundance threshold; re-amplify for more product),
Re-PCR,Library010_barcode31,452,10,31,18,EO18,BL5,20,,Step 4b — BLAST coverage filter,"Re-PCR (current amplicon is SRK paralog rather than canonical SRK; PCR competition may resolve stochastically — if same paralog signature persists across replicates, consider primer re-design)",
Re-PCR,Library011_barcode04,452,11,4,18,EO18,BL5,0,,Stage 3 — no assembly,Re-PCR (no Canu assembly produced — try fresh primers / longer extension),
Re-PCR,Library011_barcode06,439,11,6,18,EO18,BL5,0,,Stage 3 — no assembly,Re-PCR (no Canu assembly produced — try fresh primers / longer extension),
Re-PCR,Library011_barcode08,297,11,8,18-8,EO18,BL5,0,,Stage 3 — no assembly,Re-PCR (no Canu assembly produced — try fresh primers / longer extension),
Re-PCR,Library009_barcode40,373,9,40,25,EO25,BL5,12,0.0,Step 9 — no_functional_proteins,"Re-PCR (short / dirty product translates to X residues — re-amplify, possibly with proofreading polymerase)",
Re-PCR,Library009_barcode64,389,9,64,25,EO25,BL5,24,0.0,Step 9 — dropped_abundance_filter,Re-PCR (low yield — singleton functional proteins below abundance threshold; re-amplify for more product),
Re-PCR,Library009_barcode72,405,9,72,27,EO27,BL4,16,,Step 4 — length filter,Re-PCR (current product fragmented — increase extension time),
Re-PCR,Library010_barcode85,510,10,85,27,EO27,BL4,40,,Step 4b — BLAST coverage filter,"Re-PCR (current amplicon is SRK paralog rather than canonical SRK; PCR competition may resolve stochastically — if same paralog signature persists across replicates, consider primer re-design)",
Re-PCR,Library010_barcode90,521,10,90,27,EO27,BL4,12,,Step 4b — BLAST coverage filter,"Re-PCR (current amplicon is SRK paralog rather than canonical SRK; PCR competition may resolve stochastically — if same paralog signature persists across replicates, consider primer re-design)",
Re-PCR,Library010_barcode91,520,10,91,27,EO27,BL4,16,,Step 4b — BLAST coverage filter,"Re-PCR (current amplicon is SRK paralog rather than canonical SRK; PCR competition may resolve stochastically — if same paralog signature persists across replicates, consider primer re-design)",
Re-PCR,Library010_barcode92,519,10,92,27,EO27,BL4,12,,Step 4b — BLAST coverage filter,"Re-PCR (current amplicon is SRK paralog rather than canonical SRK; PCR competition may resolve stochastically — if same paralog signature persists across replicates, consider primer re-design)",
Re-PCR,Library010_barcode93,518,10,93,27,EO27,BL4,16,,Step 4b — BLAST coverage filter,"Re-PCR (current amplicon is SRK paralog rather than canonical SRK; PCR competition may resolve stochastically — if same paralog signature persists across replicates, consider primer re-design)",
Re-PCR,Library010_barcode95,516,10,95,27,EO27,BL4,16,,Step 4b — BLAST coverage filter,"Re-PCR (current amplicon is SRK paralog rather than canonical SRK; PCR competition may resolve stochastically — if same paralog signature persists across replicates, consider primer re-design)",
Re-PCR,Library010_barcode96,515,10,96,27,EO27,BL4,52,,Step 4b — BLAST coverage filter,"Re-PCR (current amplicon is SRK paralog rather than canonical SRK; PCR competition may resolve stochastically — if same paralog signature persists across replicates, consider primer re-design)",
Re-PCR,Library011_barcode17,516,11,17,27,EO27,BL4,0,,Stage 3 — no assembly,Re-PCR (no Canu assembly produced — try fresh primers / longer extension),
Re-PCR,Library011_barcode18,515,11,18,27,EO27,BL4,0,,Stage 3 — no assembly,Re-PCR (no Canu assembly produced — try fresh primers / longer extension),
Re-PCR,Library011_barcode19,510,11,19,27,EO27,BL4,0,,Stage 3 — no assembly,Re-PCR (no Canu assembly produced — try fresh primers / longer extension),
Re-PCR,Library011_barcode29,521,11,29,27,EO27,BL4,0,,Stage 3 — no assembly,Re-PCR (no Canu assembly produced — try fresh primers / longer extension),
Re-PCR,Library011_barcode30,520,11,30,27,EO27,BL4,0,,Stage 3 — no assembly,Re-PCR (no Canu assembly produced — try fresh primers / longer extension),
Re-PCR,Library011_barcode31,519,11,31,27,EO27,BL4,0,,Stage 3 — no assembly,Re-PCR (no Canu assembly produced — try fresh primers / longer extension),
Re-PCR,Library011_barcode32,518,11,32,27,EO27,BL4,0,,Stage 3 — no assembly,Re-PCR (no Canu assembly produced — try fresh primers / longer extension),
Re-PCR,Library011_barcode34,532,11,34,27,EO27,BL4,0,,Stage 3 — no assembly,Re-PCR (no Canu assembly produced — try fresh primers / longer extension),
Re-PCR,Library011_barcode35,531,11,35,27,EO27,BL4,0,0.0,Stage 3 — no assembly,Re-PCR (no Canu assembly produced — try fresh primers / longer extension),
Re-PCR,Library011_barcode64,550,11,64,27,EO27,BL4,0,,Stage 3 — no assembly,Re-PCR (no Canu assembly produced — try fresh primers / longer extension),
Re-PCR,Library011_barcode86,576,11,86,27,EO27,BL4,0,,Stage 3 — no assembly,Re-PCR (no Canu assembly produced — try fresh primers / longer extension),
Re-PCR,Library001_barcode22,140,1,22,29,EO29,BL1,32,0.0,Step 9 — dropped_abundance_filter,Re-PCR (low yield — singleton functional proteins below abundance threshold; re-amplify for more product),
Re-PCR,Library002_barcode59,157,2,59,38,EO38,BL3,0,,Stage 3 — no assembly,Re-PCR (no Canu assembly produced — try fresh primers / longer extension),
Re-PCR,Library002_barcode45,73,2,45,52,EO52,BL3,28,0.0,Step 9 — dropped_abundance_filter,Re-PCR (low yield — singleton functional proteins below abundance threshold; re-amplify for more product),
Re-PCR,Library003_barcode75,176,3,75,67,EO67,BL4,48,0.0,Step 9 — no_functional_proteins,"Re-PCR (short / dirty product translates to X residues — re-amplify, possibly with proofreading polymerase)",
Re-PCR,Library004_barcode90,195,4,90,67,EO67,BL4,0,,Stage 3 — no assembly,Re-PCR (no Canu assembly produced — try fresh primers / longer extension),
Re-PCR,Library008_barcode18,319,8,18,70,EO70,BL2,36,0.0,Step 9 — no_functional_proteins,"Re-PCR (short / dirty product translates to X residues — re-amplify, possibly with proofreading polymerase)",
Re-PCR,Library010_barcode58,489,10,58,70,EO70,BL2,28,,Step 4b — BLAST coverage filter,"Re-PCR (current amplicon is SRK paralog rather than canonical SRK; PCR competition may resolve stochastically — if same paralog signature persists across replicates, consider primer re-design)",
Re-PCR,Library010_barcode65,498,10,65,70,EO70,BL2,16,,Step 4b — BLAST coverage filter,"Re-PCR (current amplicon is SRK paralog rather than canonical SRK; PCR competition may resolve stochastically — if same paralog signature persists across replicates, consider primer re-design)",
Re-PCR,Library010_barcode67,496,10,67,70,EO70,BL2,44,,Step 4b — BLAST coverage filter,"Re-PCR (current amplicon is SRK paralog rather than canonical SRK; PCR competition may resolve stochastically — if same paralog signature persists across replicates, consider primer re-design)",
Re-PCR,Library010_barcode68,495,10,68,70,EO70,BL2,28,,Step 4b — BLAST coverage filter,"Re-PCR (current amplicon is SRK paralog rather than canonical SRK; PCR competition may resolve stochastically — if same paralog signature persists across replicates, consider primer re-design)",
Re-PCR,Library010_barcode69,494,10,69,70,EO70,BL2,32,,Step 4b — BLAST coverage filter,"Re-PCR (current amplicon is SRK paralog rather than canonical SRK; PCR competition may resolve stochastically — if same paralog signature persists across replicates, consider primer re-design)",
Re-PCR,Library010_barcode70,493,10,70,70,EO70,BL2,32,,Step 4b — BLAST coverage filter,"Re-PCR (current amplicon is SRK paralog rather than canonical SRK; PCR competition may resolve stochastically — if same paralog signature persists across replicates, consider primer re-design)",
Re-PCR,Library010_barcode78,501,10,78,70,EO70,BL2,36,,Step 4b — BLAST coverage filter,"Re-PCR (current amplicon is SRK paralog rather than canonical SRK; PCR competition may resolve stochastically — if same paralog signature persists across replicates, consider primer re-design)",
Re-PCR,Library011_barcode09,493,11,9,70,EO70,BL2,0,,Stage 3 — no assembly,Re-PCR (no Canu assembly produced — try fresh primers / longer extension),
Re-PCR,Library011_barcode10,489,11,10,70,EO70,BL2,0,,Stage 3 — no assembly,Re-PCR (no Canu assembly produced — try fresh primers / longer extension),
Re-PCR,Library011_barcode20,501,11,20,70,EO70,BL2,0,,Stage 3 — no assembly,Re-PCR (no Canu assembly produced — try fresh primers / longer extension),
Re-PCR,Library011_barcode21,498,11,21,70,EO70,BL2,0,,Stage 3 — no assembly,Re-PCR (no Canu assembly produced — try fresh primers / longer extension),
Re-PCR,Library011_barcode22,496,11,22,70,EO70,BL2,0,,Stage 3 — no assembly,Re-PCR (no Canu assembly produced — try fresh primers / longer extension),
Re-PCR,Library011_barcode23,495,11,23,70,EO70,BL2,0,,Stage 3 — no assembly,Re-PCR (no Canu assembly produced — try fresh primers / longer extension),
Re-PCR,Library011_barcode24,494,11,24,70,EO70,BL2,0,,Stage 3 — no assembly,Re-PCR (no Canu assembly produced — try fresh primers / longer extension),
Re-PCR,Library011_barcode25,525,11,25,70,EO70,BL2,0,,Stage 3 — no assembly,Re-PCR (no Canu assembly produced — try fresh primers / longer extension),
Re-PCR,Library011_barcode26,524,11,26,70,EO70,BL2,0,,Stage 3 — no assembly,Re-PCR (no Canu assembly produced — try fresh primers / longer extension),
Re-PCR,Library011_barcode27,523,11,27,70,EO70,BL2,0,,Stage 3 — no assembly,Re-PCR (no Canu assembly produced — try fresh primers / longer extension),
Re-PCR,Library011_barcode28,522,11,28,70,EO70,BL2,0,,Stage 3 — no assembly,Re-PCR (no Canu assembly produced — try fresh primers / longer extension),
Re-PCR,Library011_barcode40,526,11,40,70,EO70,BL2,0,,Stage 3 — no assembly,Re-PCR (no Canu assembly produced — try fresh primers / longer extension),
Re-PCR,Library011_barcode63,551,11,63,70,EO70,BL2,0,,Stage 3 — no assembly,Re-PCR (no Canu assembly produced — try fresh primers / longer extension),
Re-PCR,Library011_barcode81,581,11,81,70,EO70,BL2,0,,Stage 3 — no assembly,Re-PCR (no Canu assembly produced — try fresh primers / longer extension),
Re-PCR,Library009_barcode08,341,9,8,76,EO76,BL3,16,0.0,Step 9 — no_functional_proteins,"Re-PCR (short / dirty product translates to X residues — re-amplify, possibly with proofreading polymerase)",
Re-PCR,Library009_barcode32,365,9,32,76,EO76,BL3,16,,Step 4 — length filter,Re-PCR (current product fragmented — increase extension time),
Re-PCR,Library009_barcode58,395,9,58,76,EO76,BL3,36,0.0,Step 9 — dropped_abundance_filter,Re-PCR (low yield — singleton functional proteins below abundance threshold; re-amplify for more product),
Re-PCR,Library010_barcode35,464,10,35,76,EO76,BL3,16,,Step 4b — BLAST coverage filter,"Re-PCR (current amplicon is SRK paralog rather than canonical SRK; PCR competition may resolve stochastically — if same paralog signature persists across replicates, consider primer re-design)",
Re-PCR,Library010_barcode42,473,10,42,76,EO76,BL3,12,,Step 4b — BLAST coverage filter,"Re-PCR (current amplicon is SRK paralog rather than canonical SRK; PCR competition may resolve stochastically — if same paralog signature persists across replicates, consider primer re-design)",
Re-PCR,Library010_barcode46,469,10,46,76,EO76,BL3,44,0.0,Step 9 — no_functional_proteins,"Re-PCR (short / dirty product translates to X residues — re-amplify, possibly with proofreading polymerase)",
Re-PCR,Library010_barcode47,468,10,47,76,EO76,BL3,64,,Step 4b — BLAST coverage filter,"Re-PCR (current amplicon is SRK paralog rather than canonical SRK; PCR competition may resolve stochastically — if same paralog signature persists across replicates, consider primer re-design)",
Re-PCR,Library010_barcode48,467,10,48,76,EO76,BL3,36,,Step 4b — BLAST coverage filter,"Re-PCR (current amplicon is SRK paralog rather than canonical SRK; PCR competition may resolve stochastically — if same paralog signature persists across replicates, consider primer re-design)",
Re-PCR,Library010_barcode50,481,10,50,76,EO76,BL3,40,,Step 4b — BLAST coverage filter,"Re-PCR (current amplicon is SRK paralog rather than canonical SRK; PCR competition may resolve stochastically — if same paralog signature persists across replicates, consider primer re-design)",
Re-PCR,Library010_barcode54,477,10,54,76,EO76,BL3,8,,Step 4b — BLAST coverage filter,"Re-PCR (current amplicon is SRK paralog rather than canonical SRK; PCR competition may resolve stochastically — if same paralog signature persists across replicates, consider primer re-design)",
Re-PCR,Library010_barcode61,486,10,61,76,EO76,BL3,32,,Step 4b — BLAST coverage filter,"Re-PCR (current amplicon is SRK paralog rather than canonical SRK; PCR competition may resolve stochastically — if same paralog signature persists across replicates, consider primer re-design)",
Re-PCR,Library010_barcode63,484,10,63,76,EO76,BL3,40,0.0,Step 9 — dropped_abundance_filter,Re-PCR (low yield — singleton functional proteins below abundance threshold; re-amplify for more product),
Re-PCR,Library011_barcode01,468,11,1,76,EO76,BL3,0,,Stage 3 — no assembly,Re-PCR (no Canu assembly produced — try fresh primers / longer extension),
Re-PCR,Library011_barcode02,467,11,2,76,EO76,BL3,0,,Stage 3 — no assembly,Re-PCR (no Canu assembly produced — try fresh primers / longer extension),
Re-PCR,Library011_barcode03,464,11,3,76,EO76,BL3,0,,Stage 3 — no assembly,Re-PCR (no Canu assembly produced — try fresh primers / longer extension),
Re-PCR,Library011_barcode11,486,11,11,76,EO76,BL3,0,,Stage 3 — no assembly,Re-PCR (no Canu assembly produced — try fresh primers / longer extension),
Re-PCR,Library011_barcode12,481,11,12,76,EO76,BL3,0,,Stage 3 — no assembly,Re-PCR (no Canu assembly produced — try fresh primers / longer extension),
Re-PCR,Library011_barcode14,477,11,14,76,EO76,BL3,0,,Stage 3 — no assembly,Re-PCR (no Canu assembly produced — try fresh primers / longer extension),
Re-PCR,Library011_barcode15,473,11,15,76,EO76,BL3,0,,Stage 3 — no assembly,Re-PCR (no Canu assembly produced — try fresh primers / longer extension),
Re-PCR,Library011_barcode57,557,11,57,76,EO76,BL3,0,,Stage 3 — no assembly,Re-PCR (no Canu assembly produced — try fresh primers / longer extension),
Re-PCR,Library011_barcode71,559,11,71,76,EO76,BL3,0,,Stage 3 — no assembly,Re-PCR (no Canu assembly produced — try fresh primers / longer extension),
Re-PCR,Library011_barcode72,558,11,72,76,EO76,BL3,0,,Stage 3 — no assembly,Re-PCR (no Canu assembly produced — try fresh primers / longer extension),
Re-PCR,Library001_barcode03,132,1,3,96-16,EO96,Unassigned,24,0.0,Step 9 — dropped_abundance_filter,Re-PCR (low yield — singleton functional proteins below abundance threshold; re-amplify for more product),
Re-PCR,Library002_barcode30,86,2,30,98-2,EO98,Unassigned,8,,Step 4 — length filter,Re-PCR (current product fragmented — increase extension time),
Re-sequence (SI status uncertain),Library011_barcode33,533,11,33,8,EO08,BL1,0,2.0,Step 22b — SI status,Re-sequence to recover enough functional haplotypes for SI status call. Chimera filter dropped too many haplotypes to reliably assign SI / pSI / SC. Higher-coverage Nanopore library or fresh PCR + sequencing recommended.,"Insufficient_data (n_haps_OK=0, REMOVED=0, chimeric=0)"
Re-sequence (SI status uncertain),Library011_barcode43,539,11,43,8,EO08,BL1,0,2.0,Step 22b — SI status,Re-sequence to recover enough functional haplotypes for SI status call. Chimera filter dropped too many haplotypes to reliably assign SI / pSI / SC. Higher-coverage Nanopore library or fresh PCR + sequencing recommended.,"Insufficient_data (n_haps_OK=0, REMOVED=0, chimeric=0)"
Re-sequence (SI status uncertain),Library011_barcode47,535,11,47,8,EO08,BL1,0,2.0,Step 22b — SI status,Re-sequence to recover enough functional haplotypes for SI status call. Chimera filter dropped too many haplotypes to reliably assign SI / pSI / SC. Higher-coverage Nanopore library or fresh PCR + sequencing recommended.,"Insufficient_data (n_haps_OK=0, REMOVED=0, chimeric=0)"
Re-sequence (SI status uncertain),Library011_barcode66,564,11,66,8,EO08,BL1,0,3.0,Step 22b — SI status,Re-sequence to recover enough functional haplotypes for SI status call. Chimera filter dropped too many haplotypes to reliably assign SI / pSI / SC. Higher-coverage Nanopore library or fresh PCR + sequencing recommended.,"Insufficient_data (n_haps_OK=0, REMOVED=0, chimeric=0)"
Re-sequence (SI status uncertain),Library011_barcode75,571,11,75,8,EO08,BL1,0,4.0,Step 22b — SI status,Re-sequence to recover enough functional haplotypes for SI status call. Chimera filter dropped too many haplotypes to reliably assign SI / pSI / SC. Higher-coverage Nanopore library or fresh PCR + sequencing recommended.,"Insufficient_data (n_haps_OK=0, REMOVED=0, chimeric=0)"
Re-sequence (SI status uncertain),Library011_barcode77,569,11,77,8,EO08,BL1,0,4.0,Step 22b — SI status,Re-sequence to recover enough functional haplotypes for SI status call. Chimera filter dropped too many haplotypes to reliably assign SI / pSI / SC. Higher-coverage Nanopore library or fresh PCR + sequencing recommended.,"Insufficient_data (n_haps_OK=0, REMOVED=0, chimeric=0)"
Re-sequence (SI status uncertain),Library010_barcode40,459,10,40,18,EO18,BL5,32,2.0,Step 22b — SI status,Re-sequence to recover enough functional haplotypes for SI status call. Chimera filter dropped too many haplotypes to reliably assign SI / pSI / SC. Higher-coverage Nanopore library or fresh PCR + sequencing recommended.,"Insufficient_data (n_haps_OK=2, REMOVED=0, chimeric=26)"
Re-sequence (SI status uncertain),Library011_barcode05,444,11,5,18,EO18,BL5,0,8.0,Step 22b — SI status,Re-sequence to recover enough functional haplotypes for SI status call. Chimera filter dropped too many haplotypes to reliably assign SI / pSI / SC. Higher-coverage Nanopore library or fresh PCR + sequencing recommended.,"Insufficient_data (n_haps_OK=0, REMOVED=0, chimeric=0)"
Re-sequence (SI status uncertain),Library011_barcode73,573,11,73,18,EO18,BL5,0,8.0,Step 22b — SI status,Re-sequence to recover enough functional haplotypes for SI status call. Chimera filter dropped too many haplotypes to reliably assign SI / pSI / SC. Higher-coverage Nanopore library or fresh PCR + sequencing recommended.,"Insufficient_data (n_haps_OK=0, REMOVED=0, chimeric=0)"
Re-sequence (SI status uncertain),Library011_barcode74,572,11,74,18,EO18,BL5,0,11.0,Step 22b — SI status,Re-sequence to recover enough functional haplotypes for SI status call. Chimera filter dropped too many haplotypes to reliably assign SI / pSI / SC. Higher-coverage Nanopore library or fresh PCR + sequencing recommended.,"Insufficient_data (n_haps_OK=0, REMOVED=0, chimeric=0)"
Re-sequence (SI status uncertain),Library011_barcode87,575,11,87,18,EO18,BL5,0,8.0,Step 22b — SI status,Re-sequence to recover enough functional haplotypes for SI status call. Chimera filter dropped too many haplotypes to reliably assign SI / pSI / SC. Higher-coverage Nanopore library or fresh PCR + sequencing recommended.,"Insufficient_data (n_haps_OK=0, REMOVED=0, chimeric=0)"
Re-sequence (SI status uncertain),Library011_barcode88,574,11,88,18,EO18,BL5,0,2.0,Step 22b — SI status,Re-sequence to recover enough functional haplotypes for SI status call. Chimera filter dropped too many haplotypes to reliably assign SI / pSI / SC. Higher-coverage Nanopore library or fresh PCR + sequencing recommended.,"Insufficient_data (n_haps_OK=0, REMOVED=0, chimeric=0)"
Re-sequence (SI status uncertain),Library009_barcode25,372,9,25,25,EO25,BL5,16,8.0,Step 22b — SI status,Re-sequence to recover enough functional haplotypes for SI status call. Chimera filter dropped too many haplotypes to reliably assign SI / pSI / SC. Higher-coverage Nanopore library or fresh PCR + sequencing recommended.,"Insufficient_data (n_haps_OK=0, REMOVED=0, chimeric=0)"
Re-sequence (SI status uncertain),Library009_barcode33,380,9,33,25,EO25,BL5,12,4.0,Step 22b — SI status,Re-sequence to recover enough functional haplotypes for SI status call. Chimera filter dropped too many haplotypes to reliably assign SI / pSI / SC. Higher-coverage Nanopore library or fresh PCR + sequencing recommended.,"Insufficient_data (n_haps_OK=0, REMOVED=0, chimeric=0)"
Re-sequence (SI status uncertain),Library009_barcode34,379,9,34,25,EO25,BL5,52,8.0,Step 22b — SI status,Re-sequence to recover enough functional haplotypes for SI status call. Chimera filter dropped too many haplotypes to reliably assign SI / pSI / SC. Higher-coverage Nanopore library or fresh PCR + sequencing recommended.,"Insufficient_data (n_haps_OK=0, REMOVED=0, chimeric=0)"
Re-sequence (SI status uncertain),Library009_barcode35,378,9,35,25,EO25,BL5,32,8.0,Step 22b — SI status,Re-sequence to recover enough functional haplotypes for SI status call. Chimera filter dropped too many haplotypes to reliably assign SI / pSI / SC. Higher-coverage Nanopore library or fresh PCR + sequencing recommended.,"Insufficient_data (n_haps_OK=0, REMOVED=0, chimeric=0)"
Re-sequence (SI status uncertain),Library009_barcode36,377,9,36,25,EO25,BL5,36,15.0,Step 22b — SI status,Re-sequence to recover enough functional haplotypes for SI status call. Chimera filter dropped too many haplotypes to reliably assign SI / pSI / SC. Higher-coverage Nanopore library or fresh PCR + sequencing recommended.,"Insufficient_data (n_haps_OK=0, REMOVED=0, chimeric=0)"
Re-sequence (SI status uncertain),Library009_barcode37,376,9,37,25,EO25,BL5,48,12.0,Step 22b — SI status,Re-sequence to recover enough functional haplotypes for SI status call. Chimera filter dropped too many haplotypes to reliably assign SI / pSI / SC. Higher-coverage Nanopore library or fresh PCR + sequencing recommended.,"Insufficient_data (n_haps_OK=0, REMOVED=0, chimeric=0)"
Re-sequence (SI status uncertain),Library009_barcode38,375,9,38,25,EO25,BL5,44,8.0,Step 22b — SI status,Re-sequence to recover enough functional haplotypes for SI status call. Chimera filter dropped too many haplotypes to reliably assign SI / pSI / SC. Higher-coverage Nanopore library or fresh PCR + sequencing recommended.,"Insufficient_data (n_haps_OK=0, REMOVED=0, chimeric=0)"
Re-sequence (SI status uncertain),Library009_barcode39,374,9,39,25,EO25,BL5,32,12.0,Step 22b — SI status,Re-sequence to recover enough functional haplotypes for SI status call. Chimera filter dropped too many haplotypes to reliably assign SI / pSI / SC. Higher-coverage Nanopore library or fresh PCR + sequencing recommended.,"Insufficient_data (n_haps_OK=0, REMOVED=0, chimeric=0)"
Re-sequence (SI status uncertain),Library009_barcode41,388,9,41,25,EO25,BL5,40,14.0,Step 22b — SI status,Re-sequence to recover enough functional haplotypes for SI status call. Chimera filter dropped too many haplotypes to reliably assign SI / pSI / SC. Higher-coverage Nanopore library or fresh PCR + sequencing recommended.,"Insufficient_data (n_haps_OK=0, REMOVED=0, chimeric=0)"
Re-sequence (SI status uncertain),Library009_barcode42,387,9,42,25,EO25,BL5,40,7.0,Step 22b — SI status,Re-sequence to recover enough functional haplotypes for SI status call. Chimera filter dropped too many haplotypes to reliably assign SI / pSI / SC. Higher-coverage Nanopore library or fresh PCR + sequencing recommended.,"Insufficient_data (n_haps_OK=0, REMOVED=0, chimeric=0)"
Re-sequence (SI status uncertain),Library009_barcode44,385,9,44,25,EO25,BL5,32,14.0,Step 22b — SI status,Re-sequence to recover enough functional haplotypes for SI status call. Chimera filter dropped too many haplotypes to reliably assign SI / pSI / SC. Higher-coverage Nanopore library or fresh PCR + sequencing recommended.,"Insufficient_data (n_haps_OK=0, REMOVED=0, chimeric=0)"
Re-sequence (SI status uncertain),Library009_barcode45,384,9,45,25,EO25,BL5,32,15.0,Step 22b — SI status,Re-sequence to recover enough functional haplotypes for SI status call. Chimera filter dropped too many haplotypes to reliably assign SI / pSI / SC. Higher-coverage Nanopore library or fresh PCR + sequencing recommended.,"Insufficient_data (n_haps_OK=0, REMOVED=0, chimeric=0)"
Re-sequence (SI status uncertain),Library009_barcode46,383,9,46,25,EO25,BL5,24,10.0,Step 22b — SI status,Re-sequence to recover enough functional haplotypes for SI status call. Chimera filter dropped too many haplotypes to reliably assign SI / pSI / SC. Higher-coverage Nanopore library or fresh PCR + sequencing recommended.,"Insufficient_data (n_haps_OK=0, REMOVED=0, chimeric=0)"
Re-sequence (SI status uncertain),Library009_barcode47,382,9,47,25,EO25,BL5,24,2.0,Step 22b — SI status,Re-sequence to recover enough functional haplotypes for SI status call. Chimera filter dropped too many haplotypes to reliably assign SI / pSI / SC. Higher-coverage Nanopore library or fresh PCR + sequencing recommended.,"Insufficient_data (n_haps_OK=0, REMOVED=0, chimeric=0)"
Re-sequence (SI status uncertain),Library009_barcode48,381,9,48,25,EO25,BL5,16,10.0,Step 22b — SI status,Re-sequence to recover enough functional haplotypes for SI status call. Chimera filter dropped too many haplotypes to reliably assign SI / pSI / SC. Higher-coverage Nanopore library or fresh PCR + sequencing recommended.,"Insufficient_data (n_haps_OK=0, REMOVED=0, chimeric=0)"
Re-sequence (SI status uncertain),Library009_barcode60,393,9,60,25,EO25,BL5,36,7.0,Step 22b — SI status,Re-sequence to recover enough functional haplotypes for SI status call. Chimera filter dropped too many haplotypes to reliably assign SI / pSI / SC. Higher-coverage Nanopore library or fresh PCR + sequencing recommended.,"Insufficient_data (n_haps_OK=0, REMOVED=0, chimeric=0)"
Re-sequence (SI status uncertain),Library009_barcode61,392,9,61,25,EO25,BL5,48,9.0,Step 22b — SI status,Re-sequence to recover enough functional haplotypes for SI status call. Chimera filter dropped too many haplotypes to reliably assign SI / pSI / SC. Higher-coverage Nanopore library or fresh PCR + sequencing recommended.,"Insufficient_data (n_haps_OK=0, REMOVED=0, chimeric=0)"
Re-sequence (SI status uncertain),Library009_barcode62,391,9,62,25,EO25,BL5,36,15.0,Step 22b — SI status,Re-sequence to recover enough functional haplotypes for SI status call. Chimera filter dropped too many haplotypes to reliably assign SI / pSI / SC. Higher-coverage Nanopore library or fresh PCR + sequencing recommended.,"Insufficient_data (n_haps_OK=0, REMOVED=0, chimeric=0)"
Re-sequence (SI status uncertain),Library009_barcode63,390,9,63,25,EO25,BL5,84,16.0,Step 22b — SI status,Re-sequence to recover enough functional haplotypes for SI status call. Chimera filter dropped too many haplotypes to reliably assign SI / pSI / SC. Higher-coverage Nanopore library or fresh PCR + sequencing recommended.,"Insufficient_data (n_haps_OK=0, REMOVED=0, chimeric=0)"
Re-sequence (SI status uncertain),Library006_barcode45,242,6,45,27,EO27,BL4,4,2.0,Step 22b — SI status,Re-sequence to recover enough functional haplotypes for SI status call. Chimera filter dropped too many haplotypes to reliably assign SI / pSI / SC. Higher-coverage Nanopore library or fresh PCR + sequencing recommended.,"Insufficient_data (n_haps_OK=2, REMOVED=0, chimeric=2)"
Re-sequence (SI status uncertain),Library007_barcode75,272,7,75,27,EO27,BL4,4,3.0,Step 22b — SI status,Re-sequence to recover enough functional haplotypes for SI status call. Chimera filter dropped too many haplotypes to reliably assign SI / pSI / SC. Higher-coverage Nanopore library or fresh PCR + sequencing recommended.,"Insufficient_data (n_haps_OK=3, REMOVED=0, chimeric=1)"
Re-sequence (SI status uncertain),Library009_barcode65,412,9,65,27,EO27,BL4,44,7.0,Step 22b — SI status,Re-sequence to recover enough functional haplotypes for SI status call. Chimera filter dropped too many haplotypes to reliably assign SI / pSI / SC. Higher-coverage Nanopore library or fresh PCR + sequencing recommended.,"Insufficient_data (n_haps_OK=0, REMOVED=0, chimeric=0)"
Re-sequence (SI status uncertain),Library009_barcode66,411,9,66,27,EO27,BL4,20,15.0,Step 22b — SI status,Re-sequence to recover enough functional haplotypes for SI status call. Chimera filter dropped too many haplotypes to reliably assign SI / pSI / SC. Higher-coverage Nanopore library or fresh PCR + sequencing recommended.,"Insufficient_data (n_haps_OK=0, REMOVED=0, chimeric=0)"
Re-sequence (SI status uncertain),Library009_barcode67,410,9,67,27,EO27,BL4,32,7.0,Step 22b — SI status,Re-sequence to recover enough functional haplotypes for SI status call. Chimera filter dropped too many haplotypes to reliably assign SI / pSI / SC. Higher-coverage Nanopore library or fresh PCR + sequencing recommended.,"Insufficient_data (n_haps_OK=0, REMOVED=0, chimeric=0)"
Re-sequence (SI status uncertain),Library009_barcode68,409,9,68,27,EO27,BL4,48,12.0,Step 22b — SI status,Re-sequence to recover enough functional haplotypes for SI status call. Chimera filter dropped too many haplotypes to reliably assign SI / pSI / SC. Higher-coverage Nanopore library or fresh PCR + sequencing recommended.,"Insufficient_data (n_haps_OK=0, REMOVED=0, chimeric=0)"
Re-sequence (SI status uncertain),Library009_barcode69,408,9,69,27,EO27,BL4,20,4.0,Step 22b — SI status,Re-sequence to recover enough functional haplotypes for SI status call. Chimera filter dropped too many haplotypes to reliably assign SI / pSI / SC. Higher-coverage Nanopore library or fresh PCR + sequencing recommended.,"Insufficient_data (n_haps_OK=0, REMOVED=0, chimeric=0)"
Re-sequence (SI status uncertain),Library009_barcode70,407,9,70,27,EO27,BL4,8,4.0,Step 22b — SI status,Re-sequence to recover enough functional haplotypes for SI status call. Chimera filter dropped too many haplotypes to reliably assign SI / pSI / SC. Higher-coverage Nanopore library or fresh PCR + sequencing recommended.,"Insufficient_data (n_haps_OK=0, REMOVED=0, chimeric=0)"
Re-sequence (SI status uncertain),Library009_barcode71,406,9,71,27,EO27,BL4,40,15.0,Step 22b — SI status,Re-sequence to recover enough functional haplotypes for SI status call. Chimera filter dropped too many haplotypes to reliably assign SI / pSI / SC. Higher-coverage Nanopore library or fresh PCR + sequencing recommended.,"Insufficient_data (n_haps_OK=0, REMOVED=0, chimeric=0)"
Re-sequence (SI status uncertain),Library009_barcode80,413,9,80,27,EO27,BL4,32,14.0,Step 22b — SI status,Re-sequence to recover enough functional haplotypes for SI status call. Chimera filter dropped too many haplotypes to reliably assign SI / pSI / SC. Higher-coverage Nanopore library or fresh PCR + sequencing recommended.,"Insufficient_data (n_haps_OK=0, REMOVED=0, chimeric=0)"
Re-sequence (SI status uncertain),Library009_barcode81,428,9,81,27,EO27,BL4,36,13.0,Step 22b — SI status,Re-sequence to recover enough functional haplotypes for SI status call. Chimera filter dropped too many haplotypes to reliably assign SI / pSI / SC. Higher-coverage Nanopore library or fresh PCR + sequencing recommended.,"Insufficient_data (n_haps_OK=0, REMOVED=0, chimeric=0)"
Re-sequence (SI status uncertain),Library009_barcode82,427,9,82,27,EO27,BL4,32,11.0,Step 22b — SI status,Re-sequence to recover enough functional haplotypes for SI status call. Chimera filter dropped too many haplotypes to reliably assign SI / pSI / SC. Higher-coverage Nanopore library or fresh PCR + sequencing recommended.,"Insufficient_data (n_haps_OK=0, REMOVED=0, chimeric=0)"
Re-sequence (SI status uncertain),Library009_barcode94,431,9,94,27,EO27,BL4,52,3.0,Step 22b — SI status,Re-sequence to recover enough functional haplotypes for SI status call. Chimera filter dropped too many haplotypes to reliably assign SI / pSI / SC. Higher-coverage Nanopore library or fresh PCR + sequencing recommended.,"Insufficient_data (n_haps_OK=0, REMOVED=0, chimeric=0)"
Re-sequence (SI status uncertain),Library009_barcode95,430,9,95,27,EO27,BL4,48,7.0,Step 22b — SI status,Re-sequence to recover enough functional haplotypes for SI status call. Chimera filter dropped too many haplotypes to reliably assign SI / pSI / SC. Higher-coverage Nanopore library or fresh PCR + sequencing recommended.,"Insufficient_data (n_haps_OK=0, REMOVED=0, chimeric=0)"
Re-sequence (SI status uncertain),Library009_barcode96,429,9,96,27,EO27,BL4,24,8.0,Step 22b — SI status,Re-sequence to recover enough functional haplotypes for SI status call. Chimera filter dropped too many haplotypes to reliably assign SI / pSI / SC. Higher-coverage Nanopore library or fresh PCR + sequencing recommended.,"Insufficient_data (n_haps_OK=0, REMOVED=0, chimeric=0)"
Re-sequence (SI status uncertain),Library011_barcode36,530,11,36,27,EO27,BL4,0,10.0,Step 22b — SI status,Re-sequence to recover enough functional haplotypes for SI status call. Chimera filter dropped too many haplotypes to reliably assign SI / pSI / SC. Higher-coverage Nanopore library or fresh PCR + sequencing recommended.,"Insufficient_data (n_haps_OK=0, REMOVED=0, chimeric=0)"
Re-sequence (SI status uncertain),Library011_barcode37,529,11,37,27,EO27,BL4,0,3.0,Step 22b — SI status,Re-sequence to recover enough functional haplotypes for SI status call. Chimera filter dropped too many haplotypes to reliably assign SI / pSI / SC. Higher-coverage Nanopore library or fresh PCR + sequencing recommended.,"Insufficient_data (n_haps_OK=0, REMOVED=0, chimeric=0)"
Re-sequence (SI status uncertain),Library011_barcode49,549,11,49,27,EO27,BL4,0,1.0,Step 22b — SI status,Re-sequence to recover enough functional haplotypes for SI status call. Chimera filter dropped too many haplotypes to reliably assign SI / pSI / SC. Higher-coverage Nanopore library or fresh PCR + sequencing recommended.,"Insufficient_data (n_haps_OK=0, REMOVED=0, chimeric=0)"
Re-sequence (SI status uncertain),Library011_barcode50,548,11,50,27,EO27,BL4,0,4.0,Step 22b — SI status,Re-sequence to recover enough functional haplotypes for SI status call. Chimera filter dropped too many haplotypes to reliably assign SI / pSI / SC. Higher-coverage Nanopore library or fresh PCR + sequencing recommended.,"Insufficient_data (n_haps_OK=0, REMOVED=0, chimeric=0)"
Re-sequence (SI status uncertain),Library011_barcode51,547,11,51,27,EO27,BL4,0,7.0,Step 22b — SI status,Re-sequence to recover enough functional haplotypes for SI status call. Chimera filter dropped too many haplotypes to reliably assign SI / pSI / SC. Higher-coverage Nanopore library or fresh PCR + sequencing recommended.,"Insufficient_data (n_haps_OK=0, REMOVED=0, chimeric=0)"
Re-sequence (SI status uncertain),Library002_barcode49,69,2,49,29,EO29,BL1,20,0.0,Step 22b — SI status,Re-sequence to recover enough functional haplotypes for SI status call. Chimera filter dropped too many haplotypes to reliably assign SI / pSI / SC. Higher-coverage Nanopore library or fresh PCR + sequencing recommended.,"Insufficient_data (n_haps_OK=2, REMOVED=0, chimeric=14)"
Re-sequence (SI status uncertain),Library009_barcode26,371,9,26,67,EO67,BL4,28,3.0,Step 22b — SI status,Re-sequence to recover enough functional haplotypes for SI status call. Chimera filter dropped too many haplotypes to reliably assign SI / pSI / SC. Higher-coverage Nanopore library or fresh PCR + sequencing recommended.,"Insufficient_data (n_haps_OK=0, REMOVED=0, chimeric=0)"
Re-sequence (SI status uncertain),Library009_barcode27,370,9,27,67,EO67,BL4,32,8.0,Step 22b — SI status,Re-sequence to recover enough functional haplotypes for SI status call. Chimera filter dropped too many haplotypes to reliably assign SI / pSI / SC. Higher-coverage Nanopore library or fresh PCR + sequencing recommended.,"Insufficient_data (n_haps_OK=0, REMOVED=0, chimeric=0)"
Re-sequence (SI status uncertain),Library009_barcode28,369,9,28,67,EO67,BL4,28,4.0,Step 22b — SI status,Re-sequence to recover enough functional haplotypes for SI status call. Chimera filter dropped too many haplotypes to reliably assign SI / pSI / SC. Higher-coverage Nanopore library or fresh PCR + sequencing recommended.,"Insufficient_data (n_haps_OK=0, REMOVED=0, chimeric=0)"
Re-sequence (SI status uncertain),Library009_barcode29,368,9,29,67,EO67,BL4,36,4.0,Step 22b — SI status,Re-sequence to recover enough functional haplotypes for SI status call. Chimera filter dropped too many haplotypes to reliably assign SI / pSI / SC. Higher-coverage Nanopore library or fresh PCR + sequencing recommended.,"Insufficient_data (n_haps_OK=0, REMOVED=0, chimeric=0)"
Re-sequence (SI status uncertain),Library009_barcode30,367,9,30,67,EO67,BL4,28,12.0,Step 22b — SI status,Re-sequence to recover enough functional haplotypes for SI status call. Chimera filter dropped too many haplotypes to reliably assign SI / pSI / SC. Higher-coverage Nanopore library or fresh PCR + sequencing recommended.,"Insufficient_data (n_haps_OK=0, REMOVED=0, chimeric=0)"
Re-sequence (SI status uncertain),Library008_barcode11,312,8,11,70,EO70,BL2,20,3.0,Step 22b — SI status,Re-sequence to recover enough functional haplotypes for SI status call. Chimera filter dropped too many haplotypes to reliably assign SI / pSI / SC. Higher-coverage Nanopore library or fresh PCR + sequencing recommended.,"Insufficient_data (n_haps_OK=3, REMOVED=0, chimeric=5)"
Re-sequence (SI status uncertain),Library008_barcode14,315,8,14,70,EO70,BL2,8,1.0,Step 22b — SI status,Re-sequence to recover enough functional haplotypes for SI status call. Chimera filter dropped too many haplotypes to reliably assign SI / pSI / SC. Higher-coverage Nanopore library or fresh PCR + sequencing recommended.,"Insufficient_data (n_haps_OK=2, REMOVED=0, chimeric=2)"
Re-sequence (SI status uncertain),Library009_barcode75,418,9,75,70,EO70,BL2,24,8.0,Step 22b — SI status,Re-sequence to recover enough functional haplotypes for SI status call. Chimera filter dropped too many haplotypes to reliably assign SI / pSI / SC. Higher-coverage Nanopore library or fresh PCR + sequencing recommended.,"Insufficient_data (n_haps_OK=0, REMOVED=0, chimeric=0)"
Re-sequence (SI status uncertain),Library009_barcode76,417,9,76,70,EO70,BL2,28,16.0,Step 22b — SI status,Re-sequence to recover enough functional haplotypes for SI status call. Chimera filter dropped too many haplotypes to reliably assign SI / pSI / SC. Higher-coverage Nanopore library or fresh PCR + sequencing recommended.,"Insufficient_data (n_haps_OK=0, REMOVED=0, chimeric=0)"
Re-sequence (SI status uncertain),Library009_barcode77,416,9,77,70,EO70,BL2,36,4.0,Step 22b — SI status,Re-sequence to recover enough functional haplotypes for SI status call. Chimera filter dropped too many haplotypes to reliably assign SI / pSI / SC. Higher-coverage Nanopore library or fresh PCR + sequencing recommended.,"Insufficient_data (n_haps_OK=0, REMOVED=0, chimeric=0)"
Re-sequence (SI status uncertain),Library009_barcode78,415,9,78,70,EO70,BL2,40,14.0,Step 22b — SI status,Re-sequence to recover enough functional haplotypes for SI status call. Chimera filter dropped too many haplotypes to reliably assign SI / pSI / SC. Higher-coverage Nanopore library or fresh PCR + sequencing recommended.,"Insufficient_data (n_haps_OK=0, REMOVED=0, chimeric=0)"
Re-sequence (SI status uncertain),Library009_barcode90,435,9,90,70,EO70,BL2,40,12.0,Step 22b — SI status,Re-sequence to recover enough functional haplotypes for SI status call. Chimera filter dropped too many haplotypes to reliably assign SI / pSI / SC. Higher-coverage Nanopore library or fresh PCR + sequencing recommended.,"Insufficient_data (n_haps_OK=0, REMOVED=0, chimeric=0)"
Re-sequence (SI status uncertain),Library009_barcode91,434,9,91,70,EO70,BL2,28,8.0,Step 22b — SI status,Re-sequence to recover enough functional haplotypes for SI status call. Chimera filter dropped too many haplotypes to reliably assign SI / pSI / SC. Higher-coverage Nanopore library or fresh PCR + sequencing recommended.,"Insufficient_data (n_haps_OK=0, REMOVED=0, chimeric=0)"
Re-sequence (SI status uncertain),Library009_barcode92,433,9,92,70,EO70,BL2,40,6.0,Step 22b — SI status,Re-sequence to recover enough functional haplotypes for SI status call. Chimera filter dropped too many haplotypes to reliably assign SI / pSI / SC. Higher-coverage Nanopore library or fresh PCR + sequencing recommended.,"Insufficient_data (n_haps_OK=0, REMOVED=0, chimeric=0)"
Re-sequence (SI status uncertain),Library009_barcode93,432,9,93,70,EO70,BL2,8,4.0,Step 22b — SI status,Re-sequence to recover enough functional haplotypes for SI status call. Chimera filter dropped too many haplotypes to reliably assign SI / pSI / SC. Higher-coverage Nanopore library or fresh PCR + sequencing recommended.,"Insufficient_data (n_haps_OK=0, REMOVED=0, chimeric=0)"
Re-sequence (SI status uncertain),Library010_barcode72,491,10,72,70,EO70,BL2,28,0.0,Step 22b — SI status,Re-sequence to recover enough functional haplotypes for SI status call. Chimera filter dropped too many haplotypes to reliably assign SI / pSI / SC. Higher-coverage Nanopore library or fresh PCR + sequencing recommended.,"Insufficient_data (n_haps_OK=0, REMOVED=0, chimeric=4)"
Re-sequence (SI status uncertain),Library010_barcode79,500,10,79,70,EO70,BL2,32,2.0,Step 22b — SI status,Re-sequence to recover enough functional haplotypes for SI status call. Chimera filter dropped too many haplotypes to reliably assign SI / pSI / SC. Higher-coverage Nanopore library or fresh PCR + sequencing recommended.,"Insufficient_data (n_haps_OK=2, REMOVED=0, chimeric=2)"
Re-sequence (SI status uncertain),Library011_barcode38,528,11,38,70,EO70,BL2,0,4.0,Step 22b — SI status,Re-sequence to recover enough functional haplotypes for SI status call. Chimera filter dropped too many haplotypes to reliably assign SI / pSI / SC. Higher-coverage Nanopore library or fresh PCR + sequencing recommended.,"Insufficient_data (n_haps_OK=0, REMOVED=0, chimeric=0)"
Re-sequence (SI status uncertain),Library011_barcode39,527,11,39,70,EO70,BL2,0,5.0,Step 22b — SI status,Re-sequence to recover enough functional haplotypes for SI status call. Chimera filter dropped too many haplotypes to reliably assign SI / pSI / SC. Higher-coverage Nanopore library or fresh PCR + sequencing recommended.,"Insufficient_data (n_haps_OK=0, REMOVED=0, chimeric=0)"
Re-sequence (SI status uncertain),Library011_barcode59,555,11,59,70,EO70,BL2,0,7.0,Step 22b — SI status,Re-sequence to recover enough functional haplotypes for SI status call. Chimera filter dropped too many haplotypes to reliably assign SI / pSI / SC. Higher-coverage Nanopore library or fresh PCR + sequencing recommended.,"Insufficient_data (n_haps_OK=0, REMOVED=0, chimeric=0)"
Re-sequence (SI status uncertain),Library011_barcode60,554,11,60,70,EO70,BL2,0,7.0,Step 22b — SI status,Re-sequence to recover enough functional haplotypes for SI status call. Chimera filter dropped too many haplotypes to reliably assign SI / pSI / SC. Higher-coverage Nanopore library or fresh PCR + sequencing recommended.,"Insufficient_data (n_haps_OK=0, REMOVED=0, chimeric=0)"
Re-sequence (SI status uncertain),Library011_barcode61,553,11,61,70,EO70,BL2,0,3.0,Step 22b — SI status,Re-sequence to recover enough functional haplotypes for SI status call. Chimera filter dropped too many haplotypes to reliably assign SI / pSI / SC. Higher-coverage Nanopore library or fresh PCR + sequencing recommended.,"Insufficient_data (n_haps_OK=0, REMOVED=0, chimeric=0)"
Re-sequence (SI status uncertain),Library011_barcode62,552,11,62,70,EO70,BL2,0,3.0,Step 22b — SI status,Re-sequence to recover enough functional haplotypes for SI status call. Chimera filter dropped too many haplotypes to reliably assign SI / pSI / SC. Higher-coverage Nanopore library or fresh PCR + sequencing recommended.,"Insufficient_data (n_haps_OK=0, REMOVED=0, chimeric=0)"
Re-sequence (SI status uncertain),Library011_barcode82,580,11,82,70,EO70,BL2,0,8.0,Step 22b — SI status,Re-sequence to recover enough functional haplotypes for SI status call. Chimera filter dropped too many haplotypes to reliably assign SI / pSI / SC. Higher-coverage Nanopore library or fresh PCR + sequencing recommended.,"Insufficient_data (n_haps_OK=0, REMOVED=0, chimeric=0)"
Re-sequence (SI status uncertain),Library011_barcode83,579,11,83,70,EO70,BL2,0,8.0,Step 22b — SI status,Re-sequence to recover enough functional haplotypes for SI status call. Chimera filter dropped too many haplotypes to reliably assign SI / pSI / SC. Higher-coverage Nanopore library or fresh PCR + sequencing recommended.,"Insufficient_data (n_haps_OK=0, REMOVED=0, chimeric=0)"
Re-sequence (SI status uncertain),Library011_barcode84,578,11,84,70,EO70,BL2,0,3.0,Step 22b — SI status,Re-sequence to recover enough functional haplotypes for SI status call. Chimera filter dropped too many haplotypes to reliably assign SI / pSI / SC. Higher-coverage Nanopore library or fresh PCR + sequencing recommended.,"Insufficient_data (n_haps_OK=0, REMOVED=0, chimeric=0)"
Re-sequence (SI status uncertain),Library011_barcode85,577,11,85,70,EO70,BL2,0,8.0,Step 22b — SI status,Re-sequence to recover enough functional haplotypes for SI status call. Chimera filter dropped too many haplotypes to reliably assign SI / pSI / SC. Higher-coverage Nanopore library or fresh PCR + sequencing recommended.,"Insufficient_data (n_haps_OK=0, REMOVED=0, chimeric=0)"
Re-sequence (SI status uncertain),Library011_barcode89,589,11,89,70,EO70,BL2,0,3.0,Step 22b — SI status,Re-sequence to recover enough functional haplotypes for SI status call. Chimera filter dropped too many haplotypes to reliably assign SI / pSI / SC. Higher-coverage Nanopore library or fresh PCR + sequencing recommended.,"Insufficient_data (n_haps_OK=0, REMOVED=0, chimeric=0)"
Re-sequence (SI status uncertain),Library011_barcode90,588,11,90,70,EO70,BL2,0,7.0,Step 22b — SI status,Re-sequence to recover enough functional haplotypes for SI status call. Chimera filter dropped too many haplotypes to reliably assign SI / pSI / SC. Higher-coverage Nanopore library or fresh PCR + sequencing recommended.,"Insufficient_data (n_haps_OK=0, REMOVED=0, chimeric=0)"
Re-sequence (SI status uncertain),Library011_barcode91,587,11,91,70,EO70,BL2,0,8.0,Step 22b — SI status,Re-sequence to recover enough functional haplotypes for SI status call. Chimera filter dropped too many haplotypes to reliably assign SI / pSI / SC. Higher-coverage Nanopore library or fresh PCR + sequencing recommended.,"Insufficient_data (n_haps_OK=0, REMOVED=0, chimeric=0)"
Re-sequence (SI status uncertain),Library011_barcode92,586,11,92,70,EO70,BL2,0,14.0,Step 22b — SI status,Re-sequence to recover enough functional haplotypes for SI status call. Chimera filter dropped too many haplotypes to reliably assign SI / pSI / SC. Higher-coverage Nanopore library or fresh PCR + sequencing recommended.,"Insufficient_data (n_haps_OK=0, REMOVED=0, chimeric=0)"
Re-sequence (SI status uncertain),Library011_barcode93,585,11,93,70,EO70,BL2,0,17.0,Step 22b — SI status,Re-sequence to recover enough functional haplotypes for SI status call. Chimera filter dropped too many haplotypes to reliably assign SI / pSI / SC. Higher-coverage Nanopore library or fresh PCR + sequencing recommended.,"Insufficient_data (n_haps_OK=0, REMOVED=0, chimeric=0)"
Re-sequence (SI status uncertain),Library011_barcode94,584,11,94,70,EO70,BL2,0,4.0,Step 22b — SI status,Re-sequence to recover enough functional haplotypes for SI status call. Chimera filter dropped too many haplotypes to reliably assign SI / pSI / SC. Higher-coverage Nanopore library or fresh PCR + sequencing recommended.,"Insufficient_data (n_haps_OK=0, REMOVED=0, chimeric=0)"
Re-sequence (SI status uncertain),Library011_barcode95,583,11,95,70,EO70,BL2,0,2.0,Step 22b — SI status,Re-sequence to recover enough functional haplotypes for SI status call. Chimera filter dropped too many haplotypes to reliably assign SI / pSI / SC. Higher-coverage Nanopore library or fresh PCR + sequencing recommended.,"Insufficient_data (n_haps_OK=0, REMOVED=0, chimeric=0)"
Re-sequence (SI status uncertain),Library011_barcode96,582,11,96,70,EO70,BL2,0,3.0,Step 22b — SI status,Re-sequence to recover enough functional haplotypes for SI status call. Chimera filter dropped too many haplotypes to reliably assign SI / pSI / SC. Higher-coverage Nanopore library or fresh PCR + sequencing recommended.,"Insufficient_data (n_haps_OK=0, REMOVED=0, chimeric=0)"
Re-sequence (SI status uncertain),Library005_barcode06,201,5,6,76,EO76,BL3,28,0.0,Step 22b — SI status,Re-sequence to recover enough functional haplotypes for SI status call. Chimera filter dropped too many haplotypes to reliably assign SI / pSI / SC. Higher-coverage Nanopore library or fresh PCR + sequencing recommended.,"Insufficient_data (n_haps_OK=0, REMOVED=0, chimeric=28)"
Re-sequence (SI status uncertain),Library005_barcode13,208,5,13,76,EO76,BL3,4,2.0,Step 22b — SI status,Re-sequence to recover enough functional haplotypes for SI status call. Chimera filter dropped too many haplotypes to reliably assign SI / pSI / SC. Higher-coverage Nanopore library or fresh PCR + sequencing recommended.,"Insufficient_data (n_haps_OK=2, REMOVED=0, chimeric=2)"
Re-sequence (SI status uncertain),Library009_barcode01,348,9,1,76,EO76,BL3,16,4.0,Step 22b — SI status,Re-sequence to recover enough functional haplotypes for SI status call. Chimera filter dropped too many haplotypes to reliably assign SI / pSI / SC. Higher-coverage Nanopore library or fresh PCR + sequencing recommended.,"Insufficient_data (n_haps_OK=0, REMOVED=0, chimeric=0)"
Re-sequence (SI status uncertain),Library009_barcode02,347,9,2,76,EO76,BL3,12,3.0,Step 22b — SI status,Re-sequence to recover enough functional haplotypes for SI status call. Chimera filter dropped too many haplotypes to reliably assign SI / pSI / SC. Higher-coverage Nanopore library or fresh PCR + sequencing recommended.,"Insufficient_data (n_haps_OK=0, REMOVED=0, chimeric=0)"
Re-sequence (SI status uncertain),Library009_barcode03,346,9,3,76,EO76,BL3,40,9.0,Step 22b — SI status,Re-sequence to recover enough functional haplotypes for SI status call. Chimera filter dropped too many haplotypes to reliably assign SI / pSI / SC. Higher-coverage Nanopore library or fresh PCR + sequencing recommended.,"Insufficient_data (n_haps_OK=0, REMOVED=0, chimeric=0)"
Re-sequence (SI status uncertain),Library009_barcode04,345,9,4,76,EO76,BL3,12,4.0,Step 22b — SI status,Re-sequence to recover enough functional haplotypes for SI status call. Chimera filter dropped too many haplotypes to reliably assign SI / pSI / SC. Higher-coverage Nanopore library or fresh PCR + sequencing recommended.,"Insufficient_data (n_haps_OK=0, REMOVED=0, chimeric=0)"
Re-sequence (SI status uncertain),Library009_barcode05,344,9,5,76,EO76,BL3,16,4.0,Step 22b — SI status,Re-sequence to recover enough functional haplotypes for SI status call. Chimera filter dropped too many haplotypes to reliably assign SI / pSI / SC. Higher-coverage Nanopore library or fresh PCR + sequencing recommended.,"Insufficient_data (n_haps_OK=0, REMOVED=0, chimeric=0)"
Re-sequence (SI status uncertain),Library009_barcode06,343,9,6,76,EO76,BL3,12,4.0,Step 22b — SI status,Re-sequence to recover enough functional haplotypes for SI status call. Chimera filter dropped too many haplotypes to reliably assign SI / pSI / SC. Higher-coverage Nanopore library or fresh PCR + sequencing recommended.,"Insufficient_data (n_haps_OK=0, REMOVED=0, chimeric=0)"
Re-sequence (SI status uncertain),Library009_barcode10,355,9,10,76,EO76,BL3,16,8.0,Step 22b — SI status,Re-sequence to recover enough functional haplotypes for SI status call. Chimera filter dropped too many haplotypes to reliably assign SI / pSI / SC. Higher-coverage Nanopore library or fresh PCR + sequencing recommended.,"Insufficient_data (n_haps_OK=0, REMOVED=0, chimeric=0)"
Re-sequence (SI status uncertain),Library009_barcode11,354,9,11,76,EO76,BL3,16,16.0,Step 22b — SI status,Re-sequence to recover enough functional haplotypes for SI status call. Chimera filter dropped too many haplotypes to reliably assign SI / pSI / SC. Higher-coverage Nanopore library or fresh PCR + sequencing recommended.,"Insufficient_data (n_haps_OK=0, REMOVED=0, chimeric=0)"
Re-sequence (SI status uncertain),Library009_barcode12,353,9,12,76,EO76,BL3,12,7.0,Step 22b — SI status,Re-sequence to recover enough functional haplotypes for SI status call. Chimera filter dropped too many haplotypes to reliably assign SI / pSI / SC. Higher-coverage Nanopore library or fresh PCR + sequencing recommended.,"Insufficient_data (n_haps_OK=0, REMOVED=0, chimeric=0)"
Re-sequence (SI status uncertain),Library009_barcode13,352,9,13,76,EO76,BL3,16,12.0,Step 22b — SI status,Re-sequence to recover enough functional haplotypes for SI status call. Chimera filter dropped too many haplotypes to reliably assign SI / pSI / SC. Higher-coverage Nanopore library or fresh PCR + sequencing recommended.,"Insufficient_data (n_haps_OK=0, REMOVED=0, chimeric=0)"
Re-sequence (SI status uncertain),Library009_barcode14,351,9,14,76,EO76,BL3,44,15.0,Step 22b — SI status,Re-sequence to recover enough functional haplotypes for SI status call. Chimera filter dropped too many haplotypes to reliably assign SI / pSI / SC. Higher-coverage Nanopore library or fresh PCR + sequencing recommended.,"Insufficient_data (n_haps_OK=0, REMOVED=0, chimeric=0)"
Re-sequence (SI status uncertain),Library009_barcode15,350,9,15,76,EO76,BL3,28,8.0,Step 22b — SI status,Re-sequence to recover enough functional haplotypes for SI status call. Chimera filter dropped too many haplotypes to reliably assign SI / pSI / SC. Higher-coverage Nanopore library or fresh PCR + sequencing recommended.,"Insufficient_data (n_haps_OK=0, REMOVED=0, chimeric=0)"
Re-sequence (SI status uncertain),Library009_barcode16,349,9,16,76,EO76,BL3,28,8.0,Step 22b — SI status,Re-sequence to recover enough functional haplotypes for SI status call. Chimera filter dropped too many haplotypes to reliably assign SI / pSI / SC. Higher-coverage Nanopore library or fresh PCR + sequencing recommended.,"Insufficient_data (n_haps_OK=0, REMOVED=0, chimeric=0)"
Re-sequence (SI status uncertain),Library009_barcode17,364,9,17,76,EO76,BL3,12,4.0,Step 22b — SI status,Re-sequence to recover enough functional haplotypes for SI status call. Chimera filter dropped too many haplotypes to reliably assign SI / pSI / SC. Higher-coverage Nanopore library or fresh PCR + sequencing recommended.,"Insufficient_data (n_haps_OK=0, REMOVED=0, chimeric=0)"
Re-sequence (SI status uncertain),Library009_barcode18,363,9,18,76,EO76,BL3,44,14.0,Step 22b — SI status,Re-sequence to recover enough functional haplotypes for SI status call. Chimera filter dropped too many haplotypes to reliably assign SI / pSI / SC. Higher-coverage Nanopore library or fresh PCR + sequencing recommended.,"Insufficient_data (n_haps_OK=0, REMOVED=0, chimeric=0)"
Re-sequence (SI status uncertain),Library009_barcode19,362,9,19,76,EO76,BL3,12,3.0,Step 22b — SI status,Re-sequence to recover enough functional haplotypes for SI status call. Chimera filter dropped too many haplotypes to reliably assign SI / pSI / SC. Higher-coverage Nanopore library or fresh PCR + sequencing recommended.,"Insufficient_data (n_haps_OK=0, REMOVED=0, chimeric=0)"
Re-sequence (SI status uncertain),Library009_barcode20,361,9,20,76,EO76,BL3,28,9.0,Step 22b — SI status,Re-sequence to recover enough functional haplotypes for SI status call. Chimera filter dropped too many haplotypes to reliably assign SI / pSI / SC. Higher-coverage Nanopore library or fresh PCR + sequencing recommended.,"Insufficient_data (n_haps_OK=0, REMOVED=0, chimeric=0)"
Re-sequence (SI status uncertain),Library009_barcode21,360,9,21,76,EO76,BL3,32,2.0,Step 22b — SI status,Re-sequence to recover enough functional haplotypes for SI status call. Chimera filter dropped too many haplotypes to reliably assign SI / pSI / SC. Higher-coverage Nanopore library or fresh PCR + sequencing recommended.,"Insufficient_data (n_haps_OK=0, REMOVED=0, chimeric=0)"
Re-sequence (SI status uncertain),Library009_barcode22,359,9,22,76,EO76,BL3,44,10.0,Step 22b — SI status,Re-sequence to recover enough functional haplotypes for SI status call. Chimera filter dropped too many haplotypes to reliably assign SI / pSI / SC. Higher-coverage Nanopore library or fresh PCR + sequencing recommended.,"Insufficient_data (n_haps_OK=0, REMOVED=0, chimeric=0)"
Re-sequence (SI status uncertain),Library009_barcode23,358,9,23,76,EO76,BL3,16,4.0,Step 22b — SI status,Re-sequence to recover enough functional haplotypes for SI status call. Chimera filter dropped too many haplotypes to reliably assign SI / pSI / SC. Higher-coverage Nanopore library or fresh PCR + sequencing recommended.,"Insufficient_data (n_haps_OK=0, REMOVED=0, chimeric=0)"
Re-sequence (SI status uncertain),Library009_barcode24,357,9,24,76,EO76,BL3,24,8.0,Step 22b — SI status,Re-sequence to recover enough functional haplotypes for SI status call. Chimera filter dropped too many haplotypes to reliably assign SI / pSI / SC. Higher-coverage Nanopore library or fresh PCR + sequencing recommended.,"Insufficient_data (n_haps_OK=0, REMOVED=0, chimeric=0)"
Re-sequence (SI status uncertain),Library009_barcode31,366,9,31,76,EO76,BL3,52,8.0,Step 22b — SI status,Re-sequence to recover enough functional haplotypes for SI status call. Chimera filter dropped too many haplotypes to reliably assign SI / pSI / SC. Higher-coverage Nanopore library or fresh PCR + sequencing recommended.,"Insufficient_data (n_haps_OK=0, REMOVED=0, chimeric=0)"
Re-sequence (SI status uncertain),Library009_barcode49,404,9,49,76,EO76,BL3,16,8.0,Step 22b — SI status,Re-sequence to recover enough functional haplotypes for SI status call. Chimera filter dropped too many haplotypes to reliably assign SI / pSI / SC. Higher-coverage Nanopore library or fresh PCR + sequencing recommended.,"Insufficient_data (n_haps_OK=0, REMOVED=0, chimeric=0)"
Re-sequence (SI status uncertain),Library009_barcode50,403,9,50,76,EO76,BL3,12,12.0,Step 22b — SI status,Re-sequence to recover enough functional haplotypes for SI status call. Chimera filter dropped too many haplotypes to reliably assign SI / pSI / SC. Higher-coverage Nanopore library or fresh PCR + sequencing recommended.,"Insufficient_data (n_haps_OK=0, REMOVED=0, chimeric=0)"
Re-sequence (SI status uncertain),Library009_barcode51,402,9,51,76,EO76,BL3,16,12.0,Step 22b — SI status,Re-sequence to recover enough functional haplotypes for SI status call. Chimera filter dropped too many haplotypes to reliably assign SI / pSI / SC. Higher-coverage Nanopore library or fresh PCR + sequencing recommended.,"Insufficient_data (n_haps_OK=0, REMOVED=0, chimeric=0)"
Re-sequence (SI status uncertain),Library009_barcode52,401,9,52,76,EO76,BL3,52,13.0,Step 22b — SI status,Re-sequence to recover enough functional haplotypes for SI status call. Chimera filter dropped too many haplotypes to reliably assign SI / pSI / SC. Higher-coverage Nanopore library or fresh PCR + sequencing recommended.,"Insufficient_data (n_haps_OK=0, REMOVED=0, chimeric=0)"
Re-sequence (SI status uncertain),Library009_barcode53,400,9,53,76,EO76,BL3,40,12.0,Step 22b — SI status,Re-sequence to recover enough functional haplotypes for SI status call. Chimera filter dropped too many haplotypes to reliably assign SI / pSI / SC. Higher-coverage Nanopore library or fresh PCR + sequencing recommended.,"Insufficient_data (n_haps_OK=0, REMOVED=0, chimeric=0)"
Re-sequence (SI status uncertain),Library009_barcode54,399,9,54,76,EO76,BL3,16,11.0,Step 22b — SI status,Re-sequence to recover enough functional haplotypes for SI status call. Chimera filter dropped too many haplotypes to reliably assign SI / pSI / SC. Higher-coverage Nanopore library or fresh PCR + sequencing recommended.,"Insufficient_data (n_haps_OK=0, REMOVED=0, chimeric=0)"
Re-sequence (SI status uncertain),Library009_barcode55,398,9,55,76,EO76,BL3,52,13.0,Step 22b — SI status,Re-sequence to recover enough functional haplotypes for SI status call. Chimera filter dropped too many haplotypes to reliably assign SI / pSI / SC. Higher-coverage Nanopore library or fresh PCR + sequencing recommended.,"Insufficient_data (n_haps_OK=0, REMOVED=0, chimeric=0)"
Re-sequence (SI status uncertain),Library009_barcode56,397,9,56,76,EO76,BL3,32,10.0,Step 22b — SI status,Re-sequence to recover enough functional haplotypes for SI status call. Chimera filter dropped too many haplotypes to reliably assign SI / pSI / SC. Higher-coverage Nanopore library or fresh PCR + sequencing recommended.,"Insufficient_data (n_haps_OK=0, REMOVED=0, chimeric=0)"
Re-sequence (SI status uncertain),Library009_barcode57,396,9,57,76,EO76,BL3,12,0.0,Step 22b — SI status,Re-sequence to recover enough functional haplotypes for SI status call. Chimera filter dropped too many haplotypes to reliably assign SI / pSI / SC. Higher-coverage Nanopore library or fresh PCR + sequencing recommended.,"Insufficient_data (n_haps_OK=0, REMOVED=0, chimeric=0)"
Re-sequence (SI status uncertain),Library009_barcode73,420,9,73,76,EO76,BL3,4,0.0,Step 22b — SI status,Re-sequence to recover enough functional haplotypes for SI status call. Chimera filter dropped too many haplotypes to reliably assign SI / pSI / SC. Higher-coverage Nanopore library or fresh PCR + sequencing recommended.,"Insufficient_data (n_haps_OK=0, REMOVED=0, chimeric=0)"
Re-sequence (SI status uncertain),Library009_barcode83,426,9,83,76,EO76,BL3,36,8.0,Step 22b — SI status,Re-sequence to recover enough functional haplotypes for SI status call. Chimera filter dropped too many haplotypes to reliably assign SI / pSI / SC. Higher-coverage Nanopore library or fresh PCR + sequencing recommended.,"Insufficient_data (n_haps_OK=0, REMOVED=0, chimeric=0)"
Re-sequence (SI status uncertain),Library009_barcode84,425,9,84,76,EO76,BL3,36,19.0,Step 22b — SI status,Re-sequence to recover enough functional haplotypes for SI status call. Chimera filter dropped too many haplotypes to reliably assign SI / pSI / SC. Higher-coverage Nanopore library or fresh PCR + sequencing recommended.,"Insufficient_data (n_haps_OK=0, REMOVED=0, chimeric=0)"
Re-sequence (SI status uncertain),Library009_barcode85,424,9,85,76,EO76,BL3,48,4.0,Step 22b — SI status,Re-sequence to recover enough functional haplotypes for SI status call. Chimera filter dropped too many haplotypes to reliably assign SI / pSI / SC. Higher-coverage Nanopore library or fresh PCR + sequencing recommended.,"Insufficient_data (n_haps_OK=0, REMOVED=0, chimeric=0)"
Re-sequence (SI status uncertain),Library009_barcode86,423,9,86,76,EO76,BL3,32,4.0,Step 22b — SI status,Re-sequence to recover enough functional haplotypes for SI status call. Chimera filter dropped too many haplotypes to reliably assign SI / pSI / SC. Higher-coverage Nanopore library or fresh PCR + sequencing recommended.,"Insufficient_data (n_haps_OK=0, REMOVED=0, chimeric=0)"
Re-sequence (SI status uncertain),Library009_barcode87,422,9,87,76,EO76,BL3,68,8.0,Step 22b — SI status,Re-sequence to recover enough functional haplotypes for SI status call. Chimera filter dropped too many haplotypes to reliably assign SI / pSI / SC. Higher-coverage Nanopore library or fresh PCR + sequencing recommended.,"Insufficient_data (n_haps_OK=0, REMOVED=0, chimeric=0)"
Re-sequence (SI status uncertain),Library009_barcode88,421,9,88,76,EO76,BL3,40,8.0,Step 22b — SI status,Re-sequence to recover enough functional haplotypes for SI status call. Chimera filter dropped too many haplotypes to reliably assign SI / pSI / SC. Higher-coverage Nanopore library or fresh PCR + sequencing recommended.,"Insufficient_data (n_haps_OK=0, REMOVED=0, chimeric=0)"
Re-sequence (SI status uncertain),Library010_barcode43,472,10,43,76,EO76,BL3,28,2.0,Step 22b — SI status,Re-sequence to recover enough functional haplotypes for SI status call. Chimera filter dropped too many haplotypes to reliably assign SI / pSI / SC. Higher-coverage Nanopore library or fresh PCR + sequencing recommended.,"Insufficient_data (n_haps_OK=2, REMOVED=0, chimeric=10)"
Re-sequence (SI status uncertain),Library010_barcode55,476,10,55,76,EO76,BL3,48,0.0,Step 22b — SI status,Re-sequence to recover enough functional haplotypes for SI status call. Chimera filter dropped too many haplotypes to reliably assign SI / pSI / SC. Higher-coverage Nanopore library or fresh PCR + sequencing recommended.,"Insufficient_data (n_haps_OK=0, REMOVED=0, chimeric=24)"
Re-sequence (SI status uncertain),Library011_barcode07,419,11,7,76,EO76,BL3,0,3.0,Step 22b — SI status,Re-sequence to recover enough functional haplotypes for SI status call. Chimera filter dropped too many haplotypes to reliably assign SI / pSI / SC. Higher-coverage Nanopore library or fresh PCR + sequencing recommended.,"Insufficient_data (n_haps_OK=0, REMOVED=0, chimeric=0)"
Re-sequence (SI status uncertain),Library011_barcode13,480,11,13,76,EO76,BL3,0,15.0,Step 22b — SI status,Re-sequence to recover enough functional haplotypes for SI status call. Chimera filter dropped too many haplotypes to reliably assign SI / pSI / SC. Higher-coverage Nanopore library or fresh PCR + sequencing recommended.,"Insufficient_data (n_haps_OK=0, REMOVED=0, chimeric=0)"
Re-sequence (SI status uncertain),Library011_barcode16,469,11,16,76,EO76,BL3,0,4.0,Step 22b — SI status,Re-sequence to recover enough functional haplotypes for SI status call. Chimera filter dropped too many haplotypes to reliably assign SI / pSI / SC. Higher-coverage Nanopore library or fresh PCR + sequencing recommended.,"Insufficient_data (n_haps_OK=0, REMOVED=0, chimeric=0)"
Re-sequence (SI status uncertain),Library011_barcode58,556,11,58,76,EO76,BL3,0,3.0,Step 22b — SI status,Re-sequence to recover enough functional haplotypes for SI status call. Chimera filter dropped too many haplotypes to reliably assign SI / pSI / SC. Higher-coverage Nanopore library or fresh PCR + sequencing recommended.,"Insufficient_data (n_haps_OK=0, REMOVED=0, chimeric=0)"
Re-sequence (SI status uncertain),Library011_barcode70,560,11,70,76,EO76,BL3,0,3.0,Step 22b — SI status,Re-sequence to recover enough functional haplotypes for SI status call. Chimera filter dropped too many haplotypes to reliably assign SI / pSI / SC. Higher-coverage Nanopore library or fresh PCR + sequencing recommended.,"Insufficient_data (n_haps_OK=0, REMOVED=0, chimeric=0)"
Re-sequence (SI status uncertain),Library002_barcode33,126,2,33,97-6,EO97,Unassigned,4,0.0,Step 22b — SI status,Re-sequence to recover enough functional haplotypes for SI status call. Chimera filter dropped too many haplotypes to reliably assign SI / pSI / SC. Higher-coverage Nanopore library or fresh PCR + sequencing recommended.,"Insufficient_data (n_haps_OK=0, REMOVED=3, chimeric=1)"
