Individual	Pop	Genotype_Pattern	Protein_1	Protein_2	Protein_3	Protein_4	ID_1	ID_2	ID_3	ID_4	Method
Library001_barcode01	27	AABB	SRK_protein_001	SRK_protein_001	SRK_protein_002	SRK_protein_002	1	1	2	2	heterozygous_2x2
Library001_barcode02	67	AABB	SRK_protein_084	SRK_protein_084	SRK_protein_088	SRK_protein_088	84	84	88	88	heterozygous_2x2
Library001_barcode04	702-3	AAAA	SRK_protein_016	SRK_protein_016	SRK_protein_016	SRK_protein_016	16	16	16	16	homozygous_4x
Library001_barcode05	712-5	AAAA	SRK_protein_089	SRK_protein_089	SRK_protein_089	SRK_protein_089	89	89	89	89	homozygous_4x
Library001_barcode06	38	AAAA	SRK_protein_090	SRK_protein_090	SRK_protein_090	SRK_protein_090	90	90	90	90	homozygous_4x
Library001_barcode07	61	AAAA	SRK_protein_028	SRK_protein_028	SRK_protein_028	SRK_protein_028	28	28	28	28	homozygous_4x
Library001_barcode08	70	AAAA	SRK_protein_025	SRK_protein_025	SRK_protein_025	SRK_protein_025	25	25	25	25	homozygous_4x
Library001_barcode09	76	AABB	SRK_protein_043	SRK_protein_043	SRK_protein_068	SRK_protein_068	43	43	68	68	heterozygous_2x2
Library001_barcode10	25	AAAA	SRK_protein_059	SRK_protein_059	SRK_protein_059	SRK_protein_059	59	59	59	59	homozygous_4x
Library001_barcode11	709	AABB	SRK_protein_015	SRK_protein_015	SRK_protein_091	SRK_protein_091	15	15	91	91	heterozygous_2x2
Library001_barcode14	118	AAAA	SRK_protein_004	SRK_protein_004	SRK_protein_004	SRK_protein_004	4	4	4	4	homozygous_4x
Library001_barcode17	76	AAAA	SRK_protein_092	SRK_protein_092	SRK_protein_092	SRK_protein_092	92	92	92	92	homozygous_4x
Library001_barcode18	26-3	AABB	SRK_protein_040	SRK_protein_040	SRK_protein_093	SRK_protein_093	40	40	93	93	heterozygous_2x2
Library001_barcode19	27	AAAA	SRK_protein_094	SRK_protein_094	SRK_protein_094	SRK_protein_094	94	94	94	94	homozygous_4x
Library001_barcode20	18	AAAA	SRK_protein_005	SRK_protein_005	SRK_protein_005	SRK_protein_005	5	5	5	5	homozygous_4x
Library001_barcode21	8	AAAA	SRK_protein_004	SRK_protein_004	SRK_protein_004	SRK_protein_004	4	4	4	4	homozygous_4x
Library002_barcode23	96-16	AABB	SRK_protein_015	SRK_protein_015	SRK_protein_016	SRK_protein_016	15	15	16	16	heterozygous_2x2
Library002_barcode29	405	AABB	SRK_protein_018	SRK_protein_018	SRK_protein_019	SRK_protein_019	18	18	19	19	heterozygous_2x2
Library002_barcode31	25	AABB	SRK_protein_020	SRK_protein_020	SRK_protein_021	SRK_protein_021	20	20	21	21	heterozygous_2x2
Library002_barcode32	48	AAAA	SRK_protein_022	SRK_protein_022	SRK_protein_022	SRK_protein_022	22	22	22	22	homozygous_4x
Library002_barcode35	52	AABB	SRK_protein_009	SRK_protein_009	SRK_protein_023	SRK_protein_023	9	9	23	23	heterozygous_2x2
Library002_barcode37	18	AAAA	SRK_protein_024	SRK_protein_024	SRK_protein_024	SRK_protein_024	24	24	24	24	homozygous_4x
Library002_barcode39	70	AAAA	SRK_protein_025	SRK_protein_025	SRK_protein_025	SRK_protein_025	25	25	25	25	homozygous_4x
Library002_barcode40	8	AABB	SRK_protein_026	SRK_protein_026	SRK_protein_027	SRK_protein_027	26	26	27	27	heterozygous_2x2
Library002_barcode41	24-14	AABB	SRK_protein_002	SRK_protein_002	SRK_protein_028	SRK_protein_028	2	2	28	28	heterozygous_2x2
Library002_barcode42	29	AABB	SRK_protein_011	SRK_protein_011	SRK_protein_029	SRK_protein_029	11	11	29	29	heterozygous_2x2
Library002_barcode43	118	AABB	SRK_protein_030	SRK_protein_030	SRK_protein_031	SRK_protein_031	30	30	31	31	heterozygous_2x2
Library002_barcode44	67	AAAA	SRK_protein_032	SRK_protein_032	SRK_protein_032	SRK_protein_032	32	32	32	32	homozygous_4x
Library002_barcode46	68	AAAA	SRK_protein_033	SRK_protein_033	SRK_protein_033	SRK_protein_033	33	33	33	33	homozygous_4x
Library002_barcode47	8	AAAA	SRK_protein_034	SRK_protein_034	SRK_protein_034	SRK_protein_034	34	34	34	34	homozygous_4x
Library002_barcode48	118	AAAA	SRK_protein_003	SRK_protein_003	SRK_protein_003	SRK_protein_003	3	3	3	3	homozygous_4x
Library002_barcode50	24	AAAA	SRK_protein_035	SRK_protein_035	SRK_protein_035	SRK_protein_035	35	35	35	35	homozygous_4x
Library002_barcode51	18	AAAA	SRK_protein_021	SRK_protein_021	SRK_protein_021	SRK_protein_021	21	21	21	21	homozygous_4x
Library002_barcode52	702-24	AAAA	SRK_protein_036	SRK_protein_036	SRK_protein_036	SRK_protein_036	36	36	36	36	homozygous_4x
Library002_barcode53	715-1	AABB	SRK_protein_036	SRK_protein_036	SRK_protein_037	SRK_protein_037	36	36	37	37	heterozygous_2x2
Library002_barcode57	68	AAAA	SRK_protein_039	SRK_protein_039	SRK_protein_039	SRK_protein_039	39	39	39	39	homozygous_4x
Library002_barcode58	68	AAAA	SRK_protein_033	SRK_protein_033	SRK_protein_033	SRK_protein_033	33	33	33	33	homozygous_4x
Library003_barcode60	67	AAAA	SRK_protein_034	SRK_protein_034	SRK_protein_034	SRK_protein_034	34	34	34	34	homozygous_4x
Library003_barcode61	25	AABC	SRK_protein_003	SRK_protein_003	SRK_protein_063	SRK_protein_064	3	3	63	64	heterozygous_2x1x1
Library003_barcode62	25	AABB	SRK_protein_006	SRK_protein_006	SRK_protein_059	SRK_protein_059	6	6	59	59	heterozygous_2x2
Library003_barcode63	67	AAAA	SRK_protein_065	SRK_protein_065	SRK_protein_065	SRK_protein_065	65	65	65	65	homozygous_4x
Library003_barcode64	67	AABB	SRK_protein_002	SRK_protein_002	SRK_protein_066	SRK_protein_066	2	2	66	66	heterozygous_2x2
Library003_barcode65	25	AABB	SRK_protein_004	SRK_protein_004	SRK_protein_067	SRK_protein_067	4	4	67	67	heterozygous_2x2
Library003_barcode66	76	AAAA	SRK_protein_068	SRK_protein_068	SRK_protein_068	SRK_protein_068	68	68	68	68	homozygous_4x
Library003_barcode67	25	AAAA	SRK_protein_069	SRK_protein_069	SRK_protein_069	SRK_protein_069	69	69	69	69	homozygous_4x
Library003_barcode69	25	AAAA	SRK_protein_059	SRK_protein_059	SRK_protein_059	SRK_protein_059	59	59	59	59	homozygous_4x
Library003_barcode70	25	AAAA	SRK_protein_069	SRK_protein_069	SRK_protein_069	SRK_protein_069	69	69	69	69	homozygous_4x
Library003_barcode71	25	AABB	SRK_protein_069	SRK_protein_069	SRK_protein_070	SRK_protein_070	69	69	70	70	heterozygous_2x2
Library003_barcode72	25	AAAA	SRK_protein_057	SRK_protein_057	SRK_protein_057	SRK_protein_057	57	57	57	57	homozygous_4x
Library003_barcode73	25	AABB	SRK_protein_007	SRK_protein_007	SRK_protein_059	SRK_protein_059	7	7	59	59	heterozygous_2x2
Library003_barcode74	25	ABCD	SRK_protein_003	SRK_protein_004	SRK_protein_046	SRK_protein_071	3	4	46	71	heterozygous_1x4
Library003_barcode76	76	AABB	SRK_protein_049	SRK_protein_049	SRK_protein_051	SRK_protein_051	49	49	51	51	heterozygous_2x2
Library003_barcode77	67	AABB	SRK_protein_003	SRK_protein_003	SRK_protein_004	SRK_protein_004	3	3	4	4	heterozygous_2x2
Library003_barcode78	67	AABB	SRK_protein_003	SRK_protein_003	SRK_protein_014	SRK_protein_014	3	3	14	14	heterozygous_2x2
Library004_barcode79	25	AAAA	SRK_protein_003	SRK_protein_003	SRK_protein_003	SRK_protein_003	3	3	3	3	homozygous_4x
Library004_barcode80	67	AAAA	SRK_protein_004	SRK_protein_004	SRK_protein_004	SRK_protein_004	4	4	4	4	homozygous_4x
Library004_barcode81	25	AABB	SRK_protein_005	SRK_protein_005	SRK_protein_006	SRK_protein_006	5	5	6	6	heterozygous_2x2
Library004_barcode83	25	AABB	SRK_protein_007	SRK_protein_007	SRK_protein_008	SRK_protein_008	7	7	8	8	heterozygous_2x2
Library004_barcode84	76	AAAA	SRK_protein_009	SRK_protein_009	SRK_protein_009	SRK_protein_009	9	9	9	9	homozygous_4x
Library004_barcode85	67	AABB	SRK_protein_010	SRK_protein_010	SRK_protein_011	SRK_protein_011	10	10	11	11	heterozygous_2x2
Library004_barcode87	76	AABB	SRK_protein_012	SRK_protein_012	SRK_protein_013	SRK_protein_013	12	12	13	13	heterozygous_2x2
Library004_barcode88	67	AAAA	SRK_protein_014	SRK_protein_014	SRK_protein_014	SRK_protein_014	14	14	14	14	homozygous_4x
Library004_barcode89	67	AAAA	SRK_protein_010	SRK_protein_010	SRK_protein_010	SRK_protein_010	10	10	10	10	homozygous_4x
Library005_barcode01	76	AABC	SRK_protein_040	SRK_protein_041	SRK_protein_042	SRK_protein_042	40	41	42	42	heterozygous_2x1x1
Library005_barcode02	76	AABB	SRK_protein_022	SRK_protein_022	SRK_protein_043	SRK_protein_043	22	22	43	43	heterozygous_2x2
Library005_barcode03	76	ABCD	SRK_protein_009	SRK_protein_030	SRK_protein_044	SRK_protein_045	9	30	44	45	heterozygous_1x4
Library005_barcode04	76	ABCD	SRK_protein_009	SRK_protein_013	SRK_protein_044	SRK_protein_045	9	13	44	45	heterozygous_1x4
Library005_barcode05	76	AAAA	SRK_protein_046	SRK_protein_046	SRK_protein_046	SRK_protein_046	46	46	46	46	homozygous_4x
Library005_barcode07	76	ABCD	SRK_protein_022	SRK_protein_041	SRK_protein_045	SRK_protein_047	22	41	45	47	heterozygous_1x4
Library005_barcode08	76	AABC	SRK_protein_009	SRK_protein_044	SRK_protein_048	SRK_protein_048	9	44	48	48	heterozygous_2x1x1
Library005_barcode09	76	AABB	SRK_protein_013	SRK_protein_013	SRK_protein_044	SRK_protein_044	13	13	44	44	heterozygous_2x2
Library005_barcode10	76	AABB	SRK_protein_044	SRK_protein_044	SRK_protein_047	SRK_protein_047	44	44	47	47	heterozygous_2x2
Library005_barcode11	76	AAAA	SRK_protein_049	SRK_protein_049	SRK_protein_049	SRK_protein_049	49	49	49	49	homozygous_4x
Library005_barcode12	76	AABC	SRK_protein_049	SRK_protein_050	SRK_protein_051	SRK_protein_051	49	50	51	51	heterozygous_2x1x1
Library005_barcode13	76	AAAA	SRK_protein_052	SRK_protein_052	SRK_protein_052	SRK_protein_052	52	52	52	52	homozygous_4x
Library005_barcode14	76	AABB	SRK_protein_040	SRK_protein_040	SRK_protein_042	SRK_protein_042	40	40	42	42	heterozygous_2x2
Library005_barcode15	76	AAAA	SRK_protein_044	SRK_protein_044	SRK_protein_044	SRK_protein_044	44	44	44	44	homozygous_4x
Library005_barcode16	76	AABB	SRK_protein_052	SRK_protein_052	SRK_protein_053	SRK_protein_053	52	52	53	53	heterozygous_2x2
Library005_barcode17	76	AABB	SRK_protein_009	SRK_protein_009	SRK_protein_040	SRK_protein_040	9	9	40	40	heterozygous_2x2
Library005_barcode18	76	AAAA	SRK_protein_012	SRK_protein_012	SRK_protein_012	SRK_protein_012	12	12	12	12	homozygous_4x
Library005_barcode19	76	AAAA	SRK_protein_049	SRK_protein_049	SRK_protein_049	SRK_protein_049	49	49	49	49	homozygous_4x
Library005_barcode20	76	AABB	SRK_protein_012	SRK_protein_012	SRK_protein_054	SRK_protein_054	12	12	54	54	heterozygous_2x2
Library005_barcode21	76	ABCD	SRK_protein_009	SRK_protein_032	SRK_protein_044	SRK_protein_045	9	32	44	45	heterozygous_1x4
Library005_barcode22	25	AABB	SRK_protein_055	SRK_protein_055	SRK_protein_056	SRK_protein_056	55	55	56	56	heterozygous_2x2
Library005_barcode23	25	AABB	SRK_protein_005	SRK_protein_005	SRK_protein_057	SRK_protein_057	5	5	57	57	heterozygous_2x2
Library005_barcode24	25	AABB	SRK_protein_057	SRK_protein_057	SRK_protein_058	SRK_protein_058	57	57	58	58	heterozygous_2x2
Library005_barcode25	25	AABB	SRK_protein_057	SRK_protein_057	SRK_protein_058	SRK_protein_058	57	57	58	58	heterozygous_2x2
Library005_barcode26	25	AAAA	SRK_protein_057	SRK_protein_057	SRK_protein_057	SRK_protein_057	57	57	57	57	homozygous_4x
Library005_barcode27	25	AAAA	SRK_protein_003	SRK_protein_003	SRK_protein_003	SRK_protein_003	3	3	3	3	homozygous_4x
Library005_barcode28	25	AAAA	SRK_protein_008	SRK_protein_008	SRK_protein_008	SRK_protein_008	8	8	8	8	homozygous_4x
Library005_barcode29	25	AAAA	SRK_protein_003	SRK_protein_003	SRK_protein_003	SRK_protein_003	3	3	3	3	homozygous_4x
Library005_barcode30	25	AAAA	SRK_protein_003	SRK_protein_003	SRK_protein_003	SRK_protein_003	3	3	3	3	homozygous_4x
Library005_barcode31	25	AAAA	SRK_protein_059	SRK_protein_059	SRK_protein_059	SRK_protein_059	59	59	59	59	homozygous_4x
Library005_barcode32	25	AAAA	SRK_protein_060	SRK_protein_060	SRK_protein_060	SRK_protein_060	60	60	60	60	homozygous_4x
Library005_barcode33	25	AAAA	SRK_protein_061	SRK_protein_061	SRK_protein_061	SRK_protein_061	61	61	61	61	homozygous_4x
Library005_barcode34	25	AAAA	SRK_protein_003	SRK_protein_003	SRK_protein_003	SRK_protein_003	3	3	3	3	homozygous_4x
Library005_barcode35	25	AABB	SRK_protein_022	SRK_protein_022	SRK_protein_062	SRK_protein_062	22	22	62	62	heterozygous_2x2
Library005_barcode36	25	AABB	SRK_protein_055	SRK_protein_055	SRK_protein_056	SRK_protein_056	55	55	56	56	heterozygous_2x2
Library006_barcode37	27	AABB	SRK_protein_022	SRK_protein_022	SRK_protein_072	SRK_protein_072	22	22	72	72	heterozygous_2x2
Library006_barcode38	27	AABB	SRK_protein_073	SRK_protein_073	SRK_protein_074	SRK_protein_074	73	73	74	74	heterozygous_2x2
Library006_barcode40	27	AABB	SRK_protein_075	SRK_protein_075	SRK_protein_076	SRK_protein_076	75	75	76	76	heterozygous_2x2
Library006_barcode41	27	AABB	SRK_protein_075	SRK_protein_075	SRK_protein_076	SRK_protein_076	75	75	76	76	heterozygous_2x2
Library006_barcode42	25	AABB	SRK_protein_047	SRK_protein_047	SRK_protein_050	SRK_protein_050	47	47	50	50	heterozygous_2x2
Library006_barcode43	76	AAAA	SRK_protein_053	SRK_protein_053	SRK_protein_053	SRK_protein_053	53	53	53	53	homozygous_4x
Library006_barcode44	27	AAAA	SRK_protein_077	SRK_protein_077	SRK_protein_077	SRK_protein_077	77	77	77	77	homozygous_4x
Library006_barcode46	27	AAAA	SRK_protein_078	SRK_protein_078	SRK_protein_078	SRK_protein_078	78	78	78	78	homozygous_4x
Library006_barcode47	27	AAAA	SRK_protein_079	SRK_protein_079	SRK_protein_079	SRK_protein_079	79	79	79	79	homozygous_4x
Library006_barcode48	27	AAAA	SRK_protein_080	SRK_protein_080	SRK_protein_080	SRK_protein_080	80	80	80	80	homozygous_4x
Library006_barcode50	27	AAAA	SRK_protein_046	SRK_protein_046	SRK_protein_046	SRK_protein_046	46	46	46	46	homozygous_4x
Library006_barcode51	27	AAAA	SRK_protein_002	SRK_protein_002	SRK_protein_002	SRK_protein_002	2	2	2	2	homozygous_4x
Library006_barcode53	27	AAAA	SRK_protein_072	SRK_protein_072	SRK_protein_072	SRK_protein_072	72	72	72	72	homozygous_4x
Library006_barcode54	27	AABB	SRK_protein_081	SRK_protein_081	SRK_protein_082	SRK_protein_082	81	81	82	82	heterozygous_2x2
Library006_barcode55	27	AAAA	SRK_protein_083	SRK_protein_083	SRK_protein_083	SRK_protein_083	83	83	83	83	homozygous_4x
Library006_barcode56	67	AABC	SRK_protein_004	SRK_protein_014	SRK_protein_084	SRK_protein_084	4	14	84	84	heterozygous_2x1x1
Library006_barcode57	67	AAAA	SRK_protein_066	SRK_protein_066	SRK_protein_066	SRK_protein_066	66	66	66	66	homozygous_4x
Library006_barcode58	67	AAAA	SRK_protein_060	SRK_protein_060	SRK_protein_060	SRK_protein_060	60	60	60	60	homozygous_4x
Library006_barcode59	67	ABCD	SRK_protein_003	SRK_protein_014	SRK_protein_022	SRK_protein_061	3	14	22	61	heterozygous_1x4
Library006_barcode60	67	AABB	SRK_protein_022	SRK_protein_022	SRK_protein_040	SRK_protein_040	22	22	40	40	heterozygous_2x2
Library006_barcode61	67	AAAA	SRK_protein_028	SRK_protein_028	SRK_protein_028	SRK_protein_028	28	28	28	28	homozygous_4x
Library006_barcode62	67	AABB	SRK_protein_065	SRK_protein_065	SRK_protein_085	SRK_protein_085	65	65	85	85	heterozygous_2x2
Library006_barcode63	67	AAAA	SRK_protein_086	SRK_protein_086	SRK_protein_086	SRK_protein_086	86	86	86	86	homozygous_4x
Library006_barcode64	67	AABB	SRK_protein_010	SRK_protein_010	SRK_protein_087	SRK_protein_087	10	10	87	87	heterozygous_2x2
Library006_barcode65	67	AABB	SRK_protein_003	SRK_protein_003	SRK_protein_004	SRK_protein_004	3	3	4	4	heterozygous_2x2
Library006_barcode66	67	AAAA	SRK_protein_087	SRK_protein_087	SRK_protein_087	SRK_protein_087	87	87	87	87	homozygous_4x
