Individual	EO_normalised	BL_inferred	SI_status	pSI_confidence	Genotype_class_flag	GFS_null_aware	Genotype	N_null_copies	N_distinct_functional_alleles	Drift_index	GFS_tier
Library001_barcode02	EO67	BL4	pSI	low	SI_promoted_from_pSI_low	0	AAAA	0	1	1	SC / homozygous_null (0.000)
Library001_barcode06	EO38	BL3	SI	NA	SI_canonical	0	AAAA	0	1	0.938	SC / homozygous_null (0.000)
Library001_barcode07	EO61	BL1	SI	NA	SI_canonical	0	AAAA	0	1	0.955	SC / homozygous_null (0.000)
Library001_barcode08	EO70	BL2	SI	NA	SI_canonical	0	AAAA	0	1	0.999	SC / homozygous_null (0.000)
Library001_barcode09	EO76	BL3	SI	NA	SI_canonical	0.6666666666666667	AABB	0	2	0.411	AABB (0.667)
Library001_barcode10	EO25	BL5	SI	NA	SI_canonical	0	AAAA	0	1	0.978	SC / homozygous_null (0.000)
Library001_barcode12	EO18	BL5	SI	NA	SI_canonical	0	AAAA	0	1	0.588	SC / homozygous_null (0.000)
Library001_barcode13	EO18	BL5	SI	NA	SI_canonical	0	AAAA	0	1	0.588	SC / homozygous_null (0.000)
Library001_barcode14	EO118	BL3	SI	NA	SI_canonical	0.5	AAAB	0	2	0.411	AAAB / AB00 / AAB0 (0.500)
Library001_barcode16	EO27	BL4	SI	NA	SI_canonical	0	AAAA	0	1	0.675	SC / homozygous_null (0.000)
Library001_barcode17	EO76	BL3	SI	NA	SI_canonical	0.6666666666666667	AABB	0	2	0.411	AABB (0.667)
Library001_barcode18	EO26	BL1	pSI	high	pSI_null_introduced	0.5	AAB0	1	2	0.982	AAAB / AB00 / AAB0 (0.500)
Library001_barcode19	EO27	BL4	SI	NA	SI_canonical	0	AAAA	0	1	0.675	SC / homozygous_null (0.000)
Library001_barcode20	EO18	BL5	SI	NA	SI_canonical	0	AAAA	0	1	0.588	SC / homozygous_null (0.000)
Library001_barcode21	EO08	BL1	SI	NA	SI_canonical	0.6666666666666667	AABB	0	2	0.91	AABB (0.667)
Library002_barcode28	EO27	BL4	pSI	high	pSI_null_introduced	0	AAA0	1	1	0.675	SC / homozygous_null (0.000)
Library002_barcode31	EO25	BL5	SI	NA	SI_canonical	0.6666666666666667	AABB	0	2	0.978	AABB (0.667)
Library002_barcode32	EO48	BL5	SI	NA	SI_canonical	0.6666666666666667	AABB	0	2	1	AABB (0.667)
Library002_barcode35	EO52	BL3	SI	NA	SI_canonical	0.5	AAAB	0	2	0.987	AAAB / AB00 / AAB0 (0.500)
Library002_barcode37	EO18	BL5	SI	NA	SI_canonical	0	AAAA	0	1	0.588	SC / homozygous_null (0.000)
Library002_barcode38	EO18	BL5	SI	NA	SI_canonical	0.5	AAAB	0	2	0.588	AAAB / AB00 / AAB0 (0.500)
Library002_barcode39	EO70	BL2	SI	NA	SI_canonical	0	AAAA	0	1	0.999	SC / homozygous_null (0.000)
Library002_barcode42	EO29	BL1	SI	NA	SI_canonical	0.6666666666666667	AABB	0	2	0.998	AABB (0.667)
Library002_barcode43	EO118	BL3	SI	NA	SI_canonical	0.6666666666666667	AABB	0	2	0.411	AABB (0.667)
Library002_barcode44	EO67	BL4	SI	NA	SI_canonical	0	AAAA	0	1	1	SC / homozygous_null (0.000)
Library002_barcode46	EO68	BL2	SI	NA	SI_canonical	0	AAAA	0	1	1	SC / homozygous_null (0.000)
Library002_barcode47	EO08	BL1	SI	NA	SI_canonical	0	AAAA	0	1	0.91	SC / homozygous_null (0.000)
Library002_barcode48	EO118	BL3	SI	NA	SI_canonical	0.5	AAAB	0	2	0.411	AAAB / AB00 / AAB0 (0.500)
Library002_barcode50	EO24	BL5	SI	NA	SI_canonical	0	AAAA	0	1	1	SC / homozygous_null (0.000)
Library002_barcode57	EO68	BL2	SI	NA	SI_canonical	0	AAAA	0	1	1	SC / homozygous_null (0.000)
Library002_barcode58	EO68	BL2	SI	NA	SI_canonical	0	AAAA	0	1	1	SC / homozygous_null (0.000)
Library003_barcode60	EO67	BL4	SI	NA	SI_canonical	0	AAAA	0	1	1	SC / homozygous_null (0.000)
Library003_barcode61	EO25	BL5	SI	NA	SI_canonical	0.6666666666666667	AABB	0	2	0.978	AABB (0.667)
Library003_barcode62	EO25	BL5	SI	NA	SI_canonical	0.5	AAAB	0	2	0.978	AAAB / AB00 / AAB0 (0.500)
Library003_barcode63	EO67	BL4	SI	NA	SI_canonical	0.6666666666666667	AABB	0	2	1	AABB (0.667)
Library003_barcode64	EO67	BL4	SI	NA	SI_canonical	0.5	AAAB	0	2	1	AAAB / AB00 / AAB0 (0.500)
Library003_barcode65	EO25	BL5	SI	NA	SI_canonical	0.6666666666666667	AABB	0	2	0.978	AABB (0.667)
Library003_barcode66	EO76	BL3	SI	NA	SI_canonical	0.5	AAAB	0	2	0.411	AAAB / AB00 / AAB0 (0.500)
Library003_barcode67	EO25	BL5	SI	NA	SI_canonical	0	AAAA	0	1	0.978	SC / homozygous_null (0.000)
Library003_barcode68	EO67	BL4	SI	NA	SI_canonical	0	AAAA	0	1	1	SC / homozygous_null (0.000)
Library003_barcode69	EO25	BL5	SI	NA	SI_canonical	0	AAAA	0	1	0.978	SC / homozygous_null (0.000)
Library003_barcode70	EO25	BL5	SI	NA	SI_canonical	0	AAAA	0	1	0.978	SC / homozygous_null (0.000)
Library003_barcode71	EO25	BL5	SI	NA	SI_canonical	0	AAAA	0	1	0.978	SC / homozygous_null (0.000)
Library003_barcode72	EO25	BL5	SI	NA	SI_canonical	0	AAAA	0	1	0.978	SC / homozygous_null (0.000)
Library003_barcode73	EO25	BL5	SI	NA	SI_canonical	0	AAAA	0	1	0.978	SC / homozygous_null (0.000)
Library003_barcode74	EO25	BL5	SI	NA	SI_canonical	0.5	AAAB	0	2	0.978	AAAB / AB00 / AAB0 (0.500)
Library003_barcode76	EO76	BL3	SI	NA	SI_canonical	0.5	AAAB	0	2	0.411	AAAB / AB00 / AAB0 (0.500)
Library003_barcode77	EO67	BL4	SI	NA	SI_canonical	0	AAAA	0	1	1	SC / homozygous_null (0.000)
Library003_barcode78	EO67	BL4	SI	NA	SI_canonical	0.6666666666666667	AABB	0	2	1	AABB (0.667)
Library004_barcode79	EO25	BL5	SI	NA	SI_canonical	0	AAAA	0	1	0.978	SC / homozygous_null (0.000)
Library004_barcode80	EO67	BL4	SI	NA	SI_canonical	0	AAAA	0	1	1	SC / homozygous_null (0.000)
Library004_barcode81	EO25	BL5	SI	NA	SI_canonical	0.6666666666666667	AABB	0	2	0.978	AABB (0.667)
Library004_barcode82	EO25	BL5	SI	NA	SI_canonical	0.5	AAAB	0	2	0.978	AAAB / AB00 / AAB0 (0.500)
Library004_barcode83	EO25	BL5	SI	NA	SI_canonical	0	AAAA	0	1	0.978	SC / homozygous_null (0.000)
Library004_barcode84	EO76	BL3	SI	NA	SI_canonical	0	AAAA	0	1	0.411	SC / homozygous_null (0.000)
Library004_barcode85	EO67	BL4	SI	NA	SI_canonical	0.6666666666666667	AABB	0	2	1	AABB (0.667)
Library004_barcode86	EO67	BL4	SI	NA	SI_canonical	0	AAAA	0	1	1	SC / homozygous_null (0.000)
Library004_barcode87	EO76	BL3	SI	NA	SI_canonical	0.5	AAAB	0	2	0.411	AAAB / AB00 / AAB0 (0.500)
Library004_barcode88	EO67	BL4	SI	NA	SI_canonical	0	AAAA	0	1	1	SC / homozygous_null (0.000)
Library004_barcode89	EO67	BL4	SI	NA	SI_canonical	0	AAAA	0	1	1	SC / homozygous_null (0.000)
Library005_barcode01	EO76	BL3	SI	NA	SI_canonical	0	AAAA	0	1	0.411	SC / homozygous_null (0.000)
Library005_barcode02	EO76	BL3	pSI	low	SI_promoted_from_pSI_low	0.5	AAAB	0	2	0.411	AAAB / AB00 / AAB0 (0.500)
Library005_barcode03	EO76	BL3	SI	NA	SI_canonical	0.5	AAAB	0	2	0.411	AAAB / AB00 / AAB0 (0.500)
Library005_barcode05	EO76	BL3	SI	NA	SI_canonical	0	AAAA	0	1	0.411	SC / homozygous_null (0.000)
Library005_barcode08	EO76	BL3	SI	NA	SI_canonical	0	AAAA	0	1	0.411	SC / homozygous_null (0.000)
Library005_barcode09	EO76	BL3	SI	NA	SI_canonical	0	AAAA	0	1	0.411	SC / homozygous_null (0.000)
Library005_barcode11	EO76	BL3	SI	NA	SI_canonical	0	AAAA	0	1	0.411	SC / homozygous_null (0.000)
Library005_barcode12	EO76	BL3	SI	NA	SI_canonical	0.5	AAAB	0	2	0.411	AAAB / AB00 / AAB0 (0.500)
Library005_barcode13	EO76	BL3	Insufficient_data	NA	Insufficient_kept_existing	0	AAAA	0	1	0.411	SC / homozygous_null (0.000)
Library005_barcode14	EO76	BL3	SI	NA	SI_canonical	0.5	AAAB	0	2	0.411	AAAB / AB00 / AAB0 (0.500)
Library005_barcode15	EO76	BL3	SI	NA	SI_canonical	0	AAAA	0	1	0.411	SC / homozygous_null (0.000)
Library005_barcode16	EO76	BL3	SI	NA	SI_canonical	0	AAAA	0	1	0.411	SC / homozygous_null (0.000)
Library005_barcode17	EO76	BL3	SI	NA	SI_canonical	0.5	AAAB	0	2	0.411	AAAB / AB00 / AAB0 (0.500)
Library005_barcode18	EO76	BL3	SI	NA	SI_canonical	0	AAAA	0	1	0.411	SC / homozygous_null (0.000)
Library005_barcode19	EO76	BL3	SI	NA	SI_canonical	0	AAAA	0	1	0.411	SC / homozygous_null (0.000)
Library005_barcode22	EO25	BL5	SI	NA	SI_canonical	0.6666666666666667	AABB	0	2	0.978	AABB (0.667)
Library005_barcode23	EO25	BL5	pSI	low	SI_promoted_from_pSI_low	0.5	AAAB	0	2	0.978	AAAB / AB00 / AAB0 (0.500)
Library005_barcode24	EO25	BL5	SI	NA	SI_canonical	0.6666666666666667	AABB	0	2	0.978	AABB (0.667)
Library005_barcode25	EO25	BL5	SI	NA	SI_canonical	0.6666666666666667	AABB	0	2	0.978	AABB (0.667)
Library005_barcode26	EO25	BL5	SI	NA	SI_canonical	0	AAAA	0	1	0.978	SC / homozygous_null (0.000)
Library005_barcode27	EO25	BL5	SI	NA	SI_canonical	0	AAAA	0	1	0.978	SC / homozygous_null (0.000)
Library005_barcode28	EO25	BL5	SI	NA	SI_canonical	0	AAAA	0	1	0.978	SC / homozygous_null (0.000)
Library005_barcode29	EO25	BL5	SI	NA	SI_canonical	0	AAAA	0	1	0.978	SC / homozygous_null (0.000)
Library005_barcode30	EO25	BL5	SI	NA	SI_canonical	0	AAAA	0	1	0.978	SC / homozygous_null (0.000)
Library005_barcode31	EO25	BL5	SI	NA	SI_canonical	0.6666666666666667	AABB	0	2	0.978	AABB (0.667)
Library005_barcode32	EO25	BL5	SI	NA	SI_canonical	0	AAAA	0	1	0.978	SC / homozygous_null (0.000)
Library005_barcode33	EO25	BL5	SI	NA	SI_canonical	0.5	AAAB	0	2	0.978	AAAB / AB00 / AAB0 (0.500)
Library005_barcode34	EO25	BL5	SI	NA	SI_canonical	0	AAAA	0	1	0.978	SC / homozygous_null (0.000)
Library005_barcode35	EO25	BL5	pSI	high	pSI_null_introduced	0	AAA0	1	1	0.978	SC / homozygous_null (0.000)
Library005_barcode36	EO25	BL5	SI	NA	SI_canonical	0.5	AAAB	0	2	0.978	AAAB / AB00 / AAB0 (0.500)
Library006_barcode37	EO27	BL4	SI	NA	SI_canonical	0.8333333333333334	AABC	0	3	0.675	AABC (0.833)
Library006_barcode38	EO27	BL4	SI	NA	SI_canonical	0.8333333333333334	AABC	0	3	0.675	AABC (0.833)
Library006_barcode40	EO27	BL4	SI	NA	SI_canonical	0.5	AAAB	0	2	0.675	AAAB / AB00 / AAB0 (0.500)
Library006_barcode41	EO27	BL4	SI	NA	SI_canonical	0.6666666666666667	AABB	0	2	0.675	AABB (0.667)
Library006_barcode42	EO25	BL5	SI	NA	SI_canonical	0	AAAA	0	1	0.978	SC / homozygous_null (0.000)
Library006_barcode43	EO76	BL3	SI	NA	SI_canonical	0	AAAA	0	1	0.411	SC / homozygous_null (0.000)
Library006_barcode44	EO27	BL4	SI	NA	SI_canonical	0.5	AAAB	0	2	0.675	AAAB / AB00 / AAB0 (0.500)
Library006_barcode45	EO27	BL4	Insufficient_data	NA	Insufficient_kept_existing	0	AAAA	0	1	0.675	SC / homozygous_null (0.000)
Library006_barcode46	EO27	BL4	SI	NA	SI_canonical	0	AAAA	0	1	0.675	SC / homozygous_null (0.000)
Library006_barcode47	EO27	BL4	SI	NA	SI_canonical	0	AAAA	0	1	0.675	SC / homozygous_null (0.000)
Library006_barcode48	EO27	BL4	SI	NA	SI_canonical	0	AAAA	0	1	0.675	SC / homozygous_null (0.000)
Library006_barcode49	EO27	BL4	SI	NA	SI_canonical	0.5	AAAB	0	2	0.675	AAAB / AB00 / AAB0 (0.500)
Library006_barcode50	EO27	BL4	SI	NA	SI_canonical	0	AAAA	0	1	0.675	SC / homozygous_null (0.000)
Library006_barcode51	EO27	BL4	SI	NA	SI_canonical	0	AAAA	0	1	0.675	SC / homozygous_null (0.000)
Library006_barcode52	EO27	BL4	pSI	high	pSI_null_introduced	0	AAA0	1	1	0.675	SC / homozygous_null (0.000)
Library006_barcode53	EO27	BL4	SI	NA	SI_canonical	0	AAAA	0	1	0.675	SC / homozygous_null (0.000)
Library006_barcode54	EO27	BL4	SI	NA	SI_canonical	0.6666666666666667	AABB	0	2	0.675	AABB (0.667)
Library006_barcode55	EO27	BL4	pSI	high	pSI_null_introduced	0	AAA0	1	1	0.675	SC / homozygous_null (0.000)
Library006_barcode56	EO67	BL4	SI	NA	SI_canonical	0.5	AAAB	0	2	1	AAAB / AB00 / AAB0 (0.500)
Library006_barcode57	EO67	BL4	SI	NA	SI_canonical	0	AAAA	0	1	1	SC / homozygous_null (0.000)
Library006_barcode58	EO67	BL4	SI	NA	SI_canonical	0	AAAA	0	1	1	SC / homozygous_null (0.000)
Library006_barcode59	EO67	BL4	SI	NA	SI_canonical	0.6666666666666667	AABB	0	2	1	AABB (0.667)
Library006_barcode60	EO67	BL4	SI	NA	SI_canonical	0	AAAA	0	1	1	SC / homozygous_null (0.000)
Library006_barcode61	EO67	BL4	SI	NA	SI_canonical	0	AAAA	0	1	1	SC / homozygous_null (0.000)
Library006_barcode62	EO67	BL4	SI	NA	SI_canonical	0	AAAA	0	1	1	SC / homozygous_null (0.000)
Library006_barcode63	EO67	BL4	SI	NA	SI_canonical	0	AAAA	0	1	1	SC / homozygous_null (0.000)
Library006_barcode64	EO67	BL4	SI	NA	SI_canonical	0.6666666666666667	AABB	0	2	1	AABB (0.667)
Library006_barcode65	EO67	BL4	SI	NA	SI_canonical	0	AAAA	0	1	1	SC / homozygous_null (0.000)
Library006_barcode66	EO67	BL4	SI	NA	SI_canonical	0	AAAA	0	1	1	SC / homozygous_null (0.000)
Library007_barcode67	EO27	BL4	SI	NA	SI_canonical	0	AAAA	0	1	0.675	SC / homozygous_null (0.000)
Library007_barcode68	EO27	BL4	SI	NA	SI_canonical	0	AAAA	0	1	0.675	SC / homozygous_null (0.000)
Library007_barcode69	EO27	BL4	SI	NA	SI_canonical	0.8333333333333334	AABC	0	3	0.675	AABC (0.833)
Library007_barcode70	EO27	BL4	SI	NA	SI_canonical	0.5	AAAB	0	2	0.675	AAAB / AB00 / AAB0 (0.500)
Library007_barcode71	EO27	BL4	SI	NA	SI_canonical	0	AAAA	0	1	0.675	SC / homozygous_null (0.000)
Library007_barcode72	EO27	BL4	SI	NA	SI_canonical	0	AAAA	0	1	0.675	SC / homozygous_null (0.000)
Library007_barcode73	EO27	BL4	SI	NA	SI_canonical	0.5	AAAB	0	2	0.675	AAAB / AB00 / AAB0 (0.500)
Library007_barcode75	EO27	BL4	Insufficient_data	NA	Insufficient_kept_existing	0	AAAA	0	1	0.675	SC / homozygous_null (0.000)
Library007_barcode77	EO27	BL4	SI	NA	SI_canonical	0	AAAA	0	1	0.675	SC / homozygous_null (0.000)
Library007_barcode78	EO27	BL4	SI	NA	SI_canonical	0.5	AAAB	0	2	0.675	AAAB / AB00 / AAB0 (0.500)
Library007_barcode79	EO27	BL4	SI	NA	SI_canonical	0	AAAA	0	1	0.675	SC / homozygous_null (0.000)
Library007_barcode80	EO27	BL4	SI	NA	SI_canonical	0	AAAA	0	1	0.675	SC / homozygous_null (0.000)
Library007_barcode81	EO67	BL4	SI	NA	SI_canonical	0	AAAA	0	1	1	SC / homozygous_null (0.000)
Library007_barcode82	EO67	BL4	SI	NA	SI_canonical	0.6666666666666667	AABB	0	2	1	AABB (0.667)
Library007_barcode83	EO67	BL4	SI	NA	SI_canonical	0.8333333333333334	AABC	0	3	1	AABC (0.833)
Library007_barcode84	EO67	BL4	SI	NA	SI_canonical	0.6666666666666667	AABB	0	2	1	AABB (0.667)
Library007_barcode85	EO67	BL4	SI	NA	SI_canonical	0.6666666666666667	AABB	0	2	1	AABB (0.667)
Library007_barcode86	EO67	BL4	SI	NA	SI_canonical	0.8333333333333334	AABC	0	3	1	AABC (0.833)
Library007_barcode87	EO67	BL4	SI	NA	SI_canonical	0.5	AAAB	0	2	1	AAAB / AB00 / AAB0 (0.500)
Library007_barcode88	EO67	BL4	SI	NA	SI_canonical	0	AAAA	0	1	1	SC / homozygous_null (0.000)
Library008_barcode01	EO70	BL2	SI	NA	SI_canonical	0.5	AAAB	0	2	0.999	AAAB / AB00 / AAB0 (0.500)
Library008_barcode02	EO70	BL2	SI	NA	SI_canonical	0	AAAA	0	1	0.999	SC / homozygous_null (0.000)
Library008_barcode03	EO70	BL2	SI	NA	SI_canonical	0	AAAA	0	1	0.999	SC / homozygous_null (0.000)
Library008_barcode04	EO70	BL2	SI	NA	SI_canonical	0.6666666666666667	AABB	0	2	0.999	AABB (0.667)
Library008_barcode05	EO70	BL2	SI	NA	SI_canonical	0	AAAA	0	1	0.999	SC / homozygous_null (0.000)
Library008_barcode06	EO70	BL2	SI	NA	SI_canonical	0	AAAA	0	1	0.999	SC / homozygous_null (0.000)
Library008_barcode07	EO70	BL2	SI	NA	SI_canonical	0.5	AAAB	0	2	0.999	AAAB / AB00 / AAB0 (0.500)
Library008_barcode08	EO70	BL2	SI	NA	SI_canonical	0.6666666666666667	AABB	0	2	0.999	AABB (0.667)
Library008_barcode09	EO70	BL2	SI	NA	SI_canonical	0.6666666666666667	AABB	0	2	0.999	AABB (0.667)
Library008_barcode10	EO70	BL2	SI	NA	SI_canonical	0	AAAA	0	1	0.999	SC / homozygous_null (0.000)
Library008_barcode11	EO70	BL2	Insufficient_data	NA	Insufficient_kept_existing	0.6666666666666667	AABB	0	2	0.999	AABB (0.667)
Library008_barcode12	EO70	BL2	SI	NA	SI_canonical	0	AAAA	0	1	0.999	SC / homozygous_null (0.000)
Library008_barcode13	EO70	BL2	SI	NA	SI_canonical	0	AAAA	0	1	0.999	SC / homozygous_null (0.000)
Library008_barcode14	EO70	BL2	Insufficient_data	NA	Insufficient_kept_existing	0	AAAA	0	1	0.999	SC / homozygous_null (0.000)
Library008_barcode15	EO70	BL2	SI	NA	SI_canonical	0	AAAA	0	1	0.999	SC / homozygous_null (0.000)
Library008_barcode16	EO70	BL2	SI	NA	SI_canonical	0.5	AAAB	0	2	0.999	AAAB / AB00 / AAB0 (0.500)
Library008_barcode17	EO70	BL2	SI	NA	SI_canonical	0	AAAA	0	1	0.999	SC / homozygous_null (0.000)
Library008_barcode19	EO70	BL2	SI	NA	SI_canonical	0	AAAA	0	1	0.999	SC / homozygous_null (0.000)
Library008_barcode20	EO70	BL2	pSI	high	pSI_null_introduced	0.5	AAB0	1	2	0.999	AAAB / AB00 / AAB0 (0.500)
Library008_barcode21	EO70	BL2	SI	NA	SI_canonical	0	AAAA	0	1	0.999	SC / homozygous_null (0.000)
Library008_barcode22	EO70	BL2	SI	NA	SI_canonical	0.6666666666666667	AABB	0	2	0.999	AABB (0.667)
Library008_barcode23	EO70	BL2	SI	NA	SI_canonical	0.6666666666666667	AABB	0	2	0.999	AABB (0.667)
Library008_barcode24	EO70	BL2	pSI	low	SI_promoted_from_pSI_low	0	AAAA	0	1	0.999	SC / homozygous_null (0.000)
Library008_barcode25	EO70	BL2	SI	NA	SI_canonical	0.6666666666666667	AABB	0	2	0.999	AABB (0.667)
Library008_barcode26	EO70	BL2	SI	NA	SI_canonical	0	AAAA	0	1	0.999	SC / homozygous_null (0.000)
Library008_barcode27	EO70	BL2	SI	NA	SI_canonical	0	AAAA	0	1	0.999	SC / homozygous_null (0.000)
Library008_barcode28	EO70	BL2	SI	NA	SI_canonical	0	AAAA	0	1	0.999	SC / homozygous_null (0.000)
Library008_barcode29	EO70	BL2	SI	NA	SI_canonical	0	AAAA	0	1	0.999	SC / homozygous_null (0.000)
Library008_barcode30	EO70	BL2	SI	NA	SI_canonical	0	AAAA	0	1	0.999	SC / homozygous_null (0.000)
Library008_barcode31	EO70	BL2	SI	NA	SI_canonical	0	AAAA	0	1	0.999	SC / homozygous_null (0.000)
Library008_barcode32	EO70	BL2	pSI	high	pSI_null_introduced	0	AAA0	1	1	0.999	SC / homozygous_null (0.000)
Library008_barcode33	EO70	BL2	SI	NA	SI_canonical	0	AAAA	0	1	0.999	SC / homozygous_null (0.000)
Library008_barcode34	EO70	BL2	SI	NA	SI_canonical	0	AAAA	0	1	0.999	SC / homozygous_null (0.000)
Library008_barcode35	EO70	BL2	SI	NA	SI_canonical	0.5	AAAB	0	2	0.999	AAAB / AB00 / AAB0 (0.500)
Library008_barcode36	EO70	BL2	SI	NA	SI_canonical	0.5	AAAB	0	2	0.999	AAAB / AB00 / AAB0 (0.500)
Library008_barcode89	EO70	BL2	SI	NA	SI_canonical	0	AAAA	0	1	0.999	SC / homozygous_null (0.000)
Library008_barcode90	EO70	BL2	SI	NA	SI_canonical	0	AAAA	0	1	0.999	SC / homozygous_null (0.000)
Library008_barcode91	EO70	BL2	SI	NA	SI_canonical	0	AAAA	0	1	0.999	SC / homozygous_null (0.000)
Library009_barcode01	EO76	BL3	Insufficient_data	NA	Insufficient_kept_existing	0	AAAA	0	1	0.411	SC / homozygous_null (0.000)
Library009_barcode02	EO76	BL3	Insufficient_data	NA	Insufficient_kept_existing	0	AAAA	0	1	0.411	SC / homozygous_null (0.000)
Library009_barcode03	EO76	BL3	Insufficient_data	NA	Insufficient_kept_existing	0.5	AAAB	0	2	0.411	AAAB / AB00 / AAB0 (0.500)
Library009_barcode04	EO76	BL3	Insufficient_data	NA	Insufficient_kept_existing	0	AAAA	0	1	0.411	SC / homozygous_null (0.000)
Library009_barcode05	EO76	BL3	Insufficient_data	NA	Insufficient_kept_existing	0	AAAA	0	1	0.411	SC / homozygous_null (0.000)
Library009_barcode06	EO76	BL3	Insufficient_data	NA	Insufficient_kept_existing	0	AAAA	0	1	0.411	SC / homozygous_null (0.000)
Library009_barcode10	EO76	BL3	Insufficient_data	NA	Insufficient_kept_existing	0	AAAA	0	1	0.411	SC / homozygous_null (0.000)
Library009_barcode11	EO76	BL3	Insufficient_data	NA	Insufficient_kept_existing	0	AAAA	0	1	0.411	SC / homozygous_null (0.000)
Library009_barcode12	EO76	BL3	Insufficient_data	NA	Insufficient_kept_existing	0	AAAA	0	1	0.411	SC / homozygous_null (0.000)
Library009_barcode13	EO76	BL3	Insufficient_data	NA	Insufficient_kept_existing	0	AAAA	0	1	0.411	SC / homozygous_null (0.000)
Library009_barcode14	EO76	BL3	Insufficient_data	NA	Insufficient_kept_existing	0.6666666666666667	AABB	0	2	0.411	AABB (0.667)
Library009_barcode15	EO76	BL3	Insufficient_data	NA	Insufficient_kept_existing	0	AAAA	0	1	0.411	SC / homozygous_null (0.000)
Library009_barcode16	EO76	BL3	Insufficient_data	NA	Insufficient_kept_existing	0	AAAA	0	1	0.411	SC / homozygous_null (0.000)
Library009_barcode17	EO76	BL3	Insufficient_data	NA	Insufficient_kept_existing	0	AAAA	0	1	0.411	SC / homozygous_null (0.000)
Library009_barcode18	EO76	BL3	Insufficient_data	NA	Insufficient_kept_existing	0.5	AAAB	0	2	0.411	AAAB / AB00 / AAB0 (0.500)
Library009_barcode19	EO76	BL3	Insufficient_data	NA	Insufficient_kept_existing	0	AAAA	0	1	0.411	SC / homozygous_null (0.000)
Library009_barcode20	EO76	BL3	Insufficient_data	NA	Insufficient_kept_existing	0	AAAA	0	1	0.411	SC / homozygous_null (0.000)
Library009_barcode21	EO76	BL3	Insufficient_data	NA	Insufficient_kept_existing	0	AAAA	0	1	0.411	SC / homozygous_null (0.000)
Library009_barcode22	EO76	BL3	Insufficient_data	NA	Insufficient_kept_existing	0.5	AAAB	0	2	0.411	AAAB / AB00 / AAB0 (0.500)
Library009_barcode23	EO76	BL3	Insufficient_data	NA	Insufficient_kept_existing	0	AAAA	0	1	0.411	SC / homozygous_null (0.000)
Library009_barcode24	EO76	BL3	Insufficient_data	NA	Insufficient_kept_existing	0	AAAA	0	1	0.411	SC / homozygous_null (0.000)
Library009_barcode25	EO25	BL5	Insufficient_data	NA	Insufficient_kept_existing	0	AAAA	0	1	0.978	SC / homozygous_null (0.000)
Library009_barcode26	EO67	BL4	Insufficient_data	NA	Insufficient_kept_existing	0	AAAA	0	1	1	SC / homozygous_null (0.000)
Library009_barcode27	EO67	BL4	Insufficient_data	NA	Insufficient_kept_existing	0.6666666666666667	AABB	0	2	1	AABB (0.667)
Library009_barcode28	EO67	BL4	Insufficient_data	NA	Insufficient_kept_existing	0	AAAA	0	1	1	SC / homozygous_null (0.000)
Library009_barcode29	EO67	BL4	Insufficient_data	NA	Insufficient_kept_existing	0	AAAA	0	1	1	SC / homozygous_null (0.000)
Library009_barcode30	EO67	BL4	Insufficient_data	NA	Insufficient_kept_existing	0.5	AAAB	0	2	1	AAAB / AB00 / AAB0 (0.500)
Library009_barcode31	EO76	BL3	Insufficient_data	NA	Insufficient_kept_existing	0	AAAA	0	1	0.411	SC / homozygous_null (0.000)
Library009_barcode33	EO25	BL5	Insufficient_data	NA	Insufficient_kept_existing	0	AAAA	0	1	0.978	SC / homozygous_null (0.000)
Library009_barcode34	EO25	BL5	Insufficient_data	NA	Insufficient_kept_existing	0.5	AAAB	0	2	0.978	AAAB / AB00 / AAB0 (0.500)
Library009_barcode35	EO25	BL5	Insufficient_data	NA	Insufficient_kept_existing	0	AAAA	0	1	0.978	SC / homozygous_null (0.000)
Library009_barcode36	EO25	BL5	Insufficient_data	NA	Insufficient_kept_existing	0.8333333333333334	AABC	0	3	0.978	AABC (0.833)
Library009_barcode37	EO25	BL5	Insufficient_data	NA	Insufficient_kept_existing	0.5	AAAB	0	2	0.978	AAAB / AB00 / AAB0 (0.500)
Library009_barcode38	EO25	BL5	Insufficient_data	NA	Insufficient_kept_existing	0	AAAA	0	1	0.978	SC / homozygous_null (0.000)
Library009_barcode39	EO25	BL5	Insufficient_data	NA	Insufficient_kept_existing	0.8333333333333334	AABC	0	3	0.978	AABC (0.833)
Library009_barcode41	EO25	BL5	Insufficient_data	NA	Insufficient_kept_existing	0.5	AAAB	0	2	0.978	AAAB / AB00 / AAB0 (0.500)
Library009_barcode42	EO25	BL5	Insufficient_data	NA	Insufficient_kept_existing	0.6666666666666667	AABB	0	2	0.978	AABB (0.667)
Library009_barcode44	EO25	BL5	Insufficient_data	NA	Insufficient_kept_existing	0.5	AAAB	0	2	0.978	AAAB / AB00 / AAB0 (0.500)
Library009_barcode45	EO25	BL5	Insufficient_data	NA	Insufficient_kept_existing	0	AAAA	0	1	0.978	SC / homozygous_null (0.000)
Library009_barcode46	EO25	BL5	Insufficient_data	NA	Insufficient_kept_existing	0.5	AAAB	0	2	0.978	AAAB / AB00 / AAB0 (0.500)
Library009_barcode47	EO25	BL5	Insufficient_data	NA	Insufficient_kept_existing	0	AAAA	0	1	0.978	SC / homozygous_null (0.000)
Library009_barcode48	EO25	BL5	Insufficient_data	NA	Insufficient_kept_existing	0.5	AAAB	0	2	0.978	AAAB / AB00 / AAB0 (0.500)
Library009_barcode49	EO76	BL3	Insufficient_data	NA	Insufficient_kept_existing	0	AAAA	0	1	0.411	SC / homozygous_null (0.000)
Library009_barcode50	EO76	BL3	Insufficient_data	NA	Insufficient_kept_existing	0	AAAA	0	1	0.411	SC / homozygous_null (0.000)
Library009_barcode51	EO76	BL3	Insufficient_data	NA	Insufficient_kept_existing	0	AAAA	0	1	0.411	SC / homozygous_null (0.000)
Library009_barcode52	EO76	BL3	Insufficient_data	NA	Insufficient_kept_existing	0.5	AAAB	0	2	0.411	AAAB / AB00 / AAB0 (0.500)
Library009_barcode53	EO76	BL3	Insufficient_data	NA	Insufficient_kept_existing	0.6666666666666667	AABB	0	2	0.411	AABB (0.667)
Library009_barcode54	EO76	BL3	Insufficient_data	NA	Insufficient_kept_existing	0	AAAA	0	1	0.411	SC / homozygous_null (0.000)
Library009_barcode55	EO76	BL3	Insufficient_data	NA	Insufficient_kept_existing	0.5	AAAB	0	2	0.411	AAAB / AB00 / AAB0 (0.500)
Library009_barcode56	EO76	BL3	Insufficient_data	NA	Insufficient_kept_existing	0.5	AAAB	0	2	0.411	AAAB / AB00 / AAB0 (0.500)
Library009_barcode60	EO25	BL5	Insufficient_data	NA	Insufficient_kept_existing	0	AAAA	0	1	0.978	SC / homozygous_null (0.000)
Library009_barcode61	EO25	BL5	Insufficient_data	NA	Insufficient_kept_existing	0	AAAA	0	1	0.978	SC / homozygous_null (0.000)
Library009_barcode62	EO25	BL5	Insufficient_data	NA	Insufficient_kept_existing	0.6666666666666667	AABB	0	2	0.978	AABB (0.667)
Library009_barcode63	EO25	BL5	Insufficient_data	NA	Insufficient_kept_existing	0.6666666666666667	AABB	0	2	0.978	AABB (0.667)
Library009_barcode65	EO27	BL4	Insufficient_data	NA	Insufficient_kept_existing	0	AAAA	0	1	0.675	SC / homozygous_null (0.000)
Library009_barcode66	EO27	BL4	Insufficient_data	NA	Insufficient_kept_existing	0.6666666666666667	AABB	0	2	0.675	AABB (0.667)
Library009_barcode67	EO27	BL4	Insufficient_data	NA	Insufficient_kept_existing	0	AAAA	0	1	0.675	SC / homozygous_null (0.000)
Library009_barcode68	EO27	BL4	Insufficient_data	NA	Insufficient_kept_existing	0	AAAA	0	1	0.675	SC / homozygous_null (0.000)
Library009_barcode69	EO27	BL4	Insufficient_data	NA	Insufficient_kept_existing	0	AAAA	0	1	0.675	SC / homozygous_null (0.000)
Library009_barcode70	EO27	BL4	Insufficient_data	NA	Insufficient_kept_existing	0	AAAA	0	1	0.675	SC / homozygous_null (0.000)
Library009_barcode71	EO27	BL4	Insufficient_data	NA	Insufficient_kept_existing	0.5	AAAB	0	2	0.675	AAAB / AB00 / AAB0 (0.500)
Library009_barcode75	EO70	BL2	Insufficient_data	NA	Insufficient_kept_existing	0	AAAA	0	1	0.999	SC / homozygous_null (0.000)
Library009_barcode76	EO70	BL2	Insufficient_data	NA	Insufficient_kept_existing	0	AAAA	0	1	0.999	SC / homozygous_null (0.000)
Library009_barcode77	EO70	BL2	Insufficient_data	NA	Insufficient_kept_existing	0	AAAA	0	1	0.999	SC / homozygous_null (0.000)
Library009_barcode78	EO70	BL2	Insufficient_data	NA	Insufficient_kept_existing	0.5	AAAB	0	2	0.999	AAAB / AB00 / AAB0 (0.500)
Library009_barcode80	EO27	BL4	Insufficient_data	NA	Insufficient_kept_existing	0	AAAA	0	1	0.675	SC / homozygous_null (0.000)
Library009_barcode81	EO27	BL4	Insufficient_data	NA	Insufficient_kept_existing	0	AAAA	0	1	0.675	SC / homozygous_null (0.000)
Library009_barcode82	EO27	BL4	Insufficient_data	NA	Insufficient_kept_existing	0.8333333333333334	AABC	0	3	0.675	AABC (0.833)
Library009_barcode83	EO76	BL3	Insufficient_data	NA	Insufficient_kept_existing	0	AAAA	0	1	0.411	SC / homozygous_null (0.000)
Library009_barcode84	EO76	BL3	Insufficient_data	NA	Insufficient_kept_existing	0	AAAA	0	1	0.411	SC / homozygous_null (0.000)
Library009_barcode85	EO76	BL3	Insufficient_data	NA	Insufficient_kept_existing	0	AAAA	0	1	0.411	SC / homozygous_null (0.000)
Library009_barcode86	EO76	BL3	Insufficient_data	NA	Insufficient_kept_existing	0	AAAA	0	1	0.411	SC / homozygous_null (0.000)
Library009_barcode87	EO76	BL3	Insufficient_data	NA	Insufficient_kept_existing	0	AAAA	0	1	0.411	SC / homozygous_null (0.000)
Library009_barcode88	EO76	BL3	Insufficient_data	NA	Insufficient_kept_existing	0	AAAA	0	1	0.411	SC / homozygous_null (0.000)
Library009_barcode90	EO70	BL2	Insufficient_data	NA	Insufficient_kept_existing	0	AAAA	0	1	0.999	SC / homozygous_null (0.000)
Library009_barcode91	EO70	BL2	Insufficient_data	NA	Insufficient_kept_existing	0.6666666666666667	AABB	0	2	0.999	AABB (0.667)
Library009_barcode92	EO70	BL2	Insufficient_data	NA	Insufficient_kept_existing	0	AAAA	0	1	0.999	SC / homozygous_null (0.000)
Library009_barcode93	EO70	BL2	Insufficient_data	NA	Insufficient_kept_existing	0	AAAA	0	1	0.999	SC / homozygous_null (0.000)
Library009_barcode94	EO27	BL4	Insufficient_data	NA	Insufficient_kept_existing	0	AAAA	0	1	0.675	SC / homozygous_null (0.000)
Library009_barcode95	EO27	BL4	Insufficient_data	NA	Insufficient_kept_existing	0.6666666666666667	AABB	0	2	0.675	AABB (0.667)
Library009_barcode96	EO27	BL4	Insufficient_data	NA	Insufficient_kept_existing	0.6666666666666667	AABB	0	2	0.675	AABB (0.667)
Library010_barcode01	EO18	BL5	SI	NA	SI_canonical	0	AAAA	0	1	0.588	SC / homozygous_null (0.000)
Library010_barcode02	EO18	BL5	SI	NA	SI_canonical	0	AAAA	0	1	0.588	SC / homozygous_null (0.000)
Library010_barcode03	EO18	BL5	SI	NA	SI_canonical	0.6666666666666667	AABB	0	2	0.588	AABB (0.667)
Library010_barcode05	EO18	BL5	SI	NA	SI_canonical	0	AAAA	0	1	0.588	SC / homozygous_null (0.000)
Library010_barcode06	EO18	BL5	SI	NA	SI_canonical	0	AAAA	0	1	0.588	SC / homozygous_null (0.000)
Library010_barcode07	EO18	BL5	SI	NA	SI_canonical	0.6666666666666667	AABB	0	2	0.588	AABB (0.667)
Library010_barcode08	EO18	BL5	SI	NA	SI_canonical	0	AAAA	0	1	0.588	SC / homozygous_null (0.000)
Library010_barcode09	EO18	BL5	SI	NA	SI_canonical	0	AAAA	0	1	0.588	SC / homozygous_null (0.000)
Library010_barcode10	EO18	BL5	SI	NA	SI_canonical	0	AAAA	0	1	0.588	SC / homozygous_null (0.000)
Library010_barcode11	EO18	BL5	SI	NA	SI_canonical	0	AAAA	0	1	0.588	SC / homozygous_null (0.000)
Library010_barcode14	EO18	BL5	SI	NA	SI_canonical	0	AAAA	0	1	0.588	SC / homozygous_null (0.000)
Library010_barcode15	EO18	BL5	SI	NA	SI_canonical	0	AAAA	0	1	0.588	SC / homozygous_null (0.000)
Library010_barcode16	EO18	BL5	SI	NA	SI_canonical	0	AAAA	0	1	0.588	SC / homozygous_null (0.000)
Library010_barcode17	EO18	BL5	pSI	high	pSI_null_introduced	0	AA00	2	1	0.588	SC / homozygous_null (0.000)
Library010_barcode18	EO18	BL5	SI	NA	SI_canonical	0	AAAA	0	1	0.588	SC / homozygous_null (0.000)
Library010_barcode19	EO18	BL5	SI	NA	SI_canonical	0	AAAA	0	1	0.588	SC / homozygous_null (0.000)
Library010_barcode20	EO18	BL5	SI	NA	SI_canonical	0	AAAA	0	1	0.588	SC / homozygous_null (0.000)
Library010_barcode21	EO18	BL5	SI	NA	SI_canonical	0.6666666666666667	AABB	0	2	0.588	AABB (0.667)
Library010_barcode22	EO18	BL5	SI	NA	SI_canonical	0	AAAA	0	1	0.588	SC / homozygous_null (0.000)
Library010_barcode24	EO18	BL5	SI	NA	SI_canonical	0	AAAA	0	1	0.588	SC / homozygous_null (0.000)
Library010_barcode26	EO18	BL5	SI	NA	SI_canonical	0	AAAA	0	1	0.588	SC / homozygous_null (0.000)
Library010_barcode27	EO18	BL5	SI	NA	SI_canonical	0	AAAA	0	1	0.588	SC / homozygous_null (0.000)
Library010_barcode28	EO18	BL5	SI	NA	SI_canonical	0.5	AAAB	0	2	0.588	AAAB / AB00 / AAB0 (0.500)
Library010_barcode29	EO18	BL5	SI	NA	SI_canonical	0	AAAA	0	1	0.588	SC / homozygous_null (0.000)
Library010_barcode32	EO18	BL5	SI	NA	SI_canonical	0	AAAA	0	1	0.588	SC / homozygous_null (0.000)
Library010_barcode33	EO76	BL3	SI	NA	SI_canonical	0	AAAA	0	1	0.411	SC / homozygous_null (0.000)
Library010_barcode34	EO76	BL3	pSI	high	pSI_null_introduced	0	AA00	2	1	0.411	SC / homozygous_null (0.000)
Library010_barcode36	EO27	BL4	SI	NA	SI_canonical	0	AAAA	0	1	0.675	SC / homozygous_null (0.000)
Library010_barcode37	EO18	BL5	SI	NA	SI_canonical	0.6666666666666667	AABB	0	2	0.588	AABB (0.667)
Library010_barcode38	EO18	BL5	SI	NA	SI_canonical	0.6666666666666667	AABB	0	2	0.588	AABB (0.667)
Library010_barcode39	EO18	BL5	SI	NA	SI_canonical	0.5	AAAB	0	2	0.588	AAAB / AB00 / AAB0 (0.500)
Library010_barcode40	EO18	BL5	Insufficient_data	NA	Insufficient_kept_existing	0	AAAA	0	1	0.588	SC / homozygous_null (0.000)
Library010_barcode41	EO76	BL3	SI	NA	SI_canonical	0	AAAA	0	1	0.411	SC / homozygous_null (0.000)
Library010_barcode43	EO76	BL3	Insufficient_data	NA	Insufficient_kept_existing	0	AAAA	0	1	0.411	SC / homozygous_null (0.000)
Library010_barcode44	EO76	BL3	SI	NA	SI_canonical	0.6666666666666667	AABB	0	2	0.411	AABB (0.667)
Library010_barcode45	EO76	BL3	SI	NA	SI_canonical	0	AAAA	0	1	0.411	SC / homozygous_null (0.000)
Library010_barcode49	EO76	BL3	SI	NA	SI_canonical	0	AAAA	0	1	0.411	SC / homozygous_null (0.000)
Library010_barcode51	EO76	BL3	SI	NA	SI_canonical	0.5	AAAB	0	2	0.411	AAAB / AB00 / AAB0 (0.500)
Library010_barcode52	EO76	BL3	SI	NA	SI_canonical	0	AAAA	0	1	0.411	SC / homozygous_null (0.000)
Library010_barcode56	EO76	BL3	SI	NA	SI_canonical	0	AAAA	0	1	0.411	SC / homozygous_null (0.000)
Library010_barcode57	EO70	BL2	SI	NA	SI_canonical	0	AAAA	0	1	0.999	SC / homozygous_null (0.000)
Library010_barcode59	EO70	BL2	SI	NA	SI_canonical	0	AAAA	0	1	0.999	SC / homozygous_null (0.000)
Library010_barcode60	EO76	BL3	SI	NA	SI_canonical	0	AAAA	0	1	0.411	SC / homozygous_null (0.000)
Library010_barcode62	EO76	BL3	SI	NA	SI_canonical	0	AAAA	0	1	0.411	SC / homozygous_null (0.000)
Library010_barcode64	EO76	BL3	SI	NA	SI_canonical	0	AAAA	0	1	0.411	SC / homozygous_null (0.000)
Library010_barcode66	EO70	BL2	SI	NA	SI_canonical	0	AAAA	0	1	0.999	SC / homozygous_null (0.000)
Library010_barcode71	EO70	BL2	SI	NA	SI_canonical	0	AAAA	0	1	0.999	SC / homozygous_null (0.000)
Library010_barcode73	EO27	BL4	SI	NA	SI_canonical	0.5	AAAB	0	2	0.675	AAAB / AB00 / AAB0 (0.500)
Library010_barcode74	EO27	BL4	SI	NA	SI_canonical	0.6666666666666667	AABB	0	2	0.675	AABB (0.667)
Library010_barcode75	EO27	BL4	SI	NA	SI_canonical	0.6666666666666667	AABB	0	2	0.675	AABB (0.667)
Library010_barcode76	EO70	BL2	SI	NA	SI_canonical	0	AAAA	0	1	0.999	SC / homozygous_null (0.000)
Library010_barcode77	EO70	BL2	SI	NA	SI_canonical	0	AAAA	0	1	0.999	SC / homozygous_null (0.000)
Library010_barcode79	EO70	BL2	Insufficient_data	NA	Insufficient_kept_existing	0	AAAA	0	1	0.999	SC / homozygous_null (0.000)
Library010_barcode80	EO70	BL2	SI	NA	SI_canonical	0	AAAA	0	1	0.999	SC / homozygous_null (0.000)
Library010_barcode81	EO27	BL4	SI	NA	SI_canonical	0	AAAA	0	1	0.675	SC / homozygous_null (0.000)
Library010_barcode82	EO27	BL4	pSI	low	SI_promoted_from_pSI_low	0.6666666666666667	AABB	0	2	0.675	AABB (0.667)
Library010_barcode83	EO27	BL4	SI	NA	SI_canonical	0.6666666666666667	AABB	0	2	0.675	AABB (0.667)
Library010_barcode84	EO27	BL4	SI	NA	SI_canonical	0	AAAA	0	1	0.675	SC / homozygous_null (0.000)
Library010_barcode86	EO27	BL4	SI	NA	SI_canonical	0	AAAA	0	1	0.675	SC / homozygous_null (0.000)
Library010_barcode87	EO27	BL4	SI	NA	SI_canonical	0	AAAA	0	1	0.675	SC / homozygous_null (0.000)
Library010_barcode88	EO27	BL4	SI	NA	SI_canonical	0.6666666666666667	AABB	0	2	0.675	AABB (0.667)
Library010_barcode94	EO27	BL4	SI	NA	SI_canonical	0	AAAA	0	1	0.675	SC / homozygous_null (0.000)
Library011_barcode05	EO18	BL5	Insufficient_data	NA	Insufficient_kept_existing	0.6666666666666667	AABB	0	2	0.588	AABB (0.667)
Library011_barcode07	EO76	BL3	Insufficient_data	NA	Insufficient_kept_existing	0	AAAA	0	1	0.411	SC / homozygous_null (0.000)
Library011_barcode13	EO76	BL3	Insufficient_data	NA	Insufficient_kept_existing	0.5	AAAB	0	2	0.411	AAAB / AB00 / AAB0 (0.500)
Library011_barcode16	EO76	BL3	Insufficient_data	NA	Insufficient_kept_existing	0	AAAA	0	1	0.411	SC / homozygous_null (0.000)
Library011_barcode33	EO08	BL1	Insufficient_data	NA	Insufficient_kept_existing	0	AAAA	0	1	0.91	SC / homozygous_null (0.000)
Library011_barcode36	EO27	BL4	Insufficient_data	NA	Insufficient_kept_existing	0.5	AAAB	0	2	0.675	AAAB / AB00 / AAB0 (0.500)
Library011_barcode37	EO27	BL4	Insufficient_data	NA	Insufficient_kept_existing	0.6666666666666667	AABB	0	2	0.675	AABB (0.667)
Library011_barcode38	EO70	BL2	Insufficient_data	NA	Insufficient_kept_existing	0	AAAA	0	1	0.999	SC / homozygous_null (0.000)
Library011_barcode39	EO70	BL2	Insufficient_data	NA	Insufficient_kept_existing	0	AAAA	0	1	0.999	SC / homozygous_null (0.000)
Library011_barcode43	EO08	BL1	Insufficient_data	NA	Insufficient_kept_existing	0	AAAA	0	1	0.91	SC / homozygous_null (0.000)
Library011_barcode47	EO08	BL1	Insufficient_data	NA	Insufficient_kept_existing	0	AAAA	0	1	0.91	SC / homozygous_null (0.000)
Library011_barcode49	EO27	BL4	Insufficient_data	NA	Insufficient_kept_existing	0	AAAA	0	1	0.675	SC / homozygous_null (0.000)
Library011_barcode50	EO27	BL4	Insufficient_data	NA	Insufficient_kept_existing	0	AAAA	0	1	0.675	SC / homozygous_null (0.000)
Library011_barcode51	EO27	BL4	Insufficient_data	NA	Insufficient_kept_existing	0	AAAA	0	1	0.675	SC / homozygous_null (0.000)
Library011_barcode58	EO76	BL3	Insufficient_data	NA	Insufficient_kept_existing	0	AAAA	0	1	0.411	SC / homozygous_null (0.000)
Library011_barcode59	EO70	BL2	Insufficient_data	NA	Insufficient_kept_existing	0	AAAA	0	1	0.999	SC / homozygous_null (0.000)
Library011_barcode60	EO70	BL2	Insufficient_data	NA	Insufficient_kept_existing	0	AAAA	0	1	0.999	SC / homozygous_null (0.000)
Library011_barcode61	EO70	BL2	Insufficient_data	NA	Insufficient_kept_existing	0	AAAA	0	1	0.999	SC / homozygous_null (0.000)
Library011_barcode62	EO70	BL2	Insufficient_data	NA	Insufficient_kept_existing	0	AAAA	0	1	0.999	SC / homozygous_null (0.000)
Library011_barcode66	EO08	BL1	Insufficient_data	NA	Insufficient_kept_existing	0	AAAA	0	1	0.91	SC / homozygous_null (0.000)
Library011_barcode70	EO76	BL3	Insufficient_data	NA	Insufficient_kept_existing	0	AAAA	0	1	0.411	SC / homozygous_null (0.000)
Library011_barcode73	EO18	BL5	Insufficient_data	NA	Insufficient_kept_existing	0.6666666666666667	AABB	0	2	0.588	AABB (0.667)
Library011_barcode74	EO18	BL5	Insufficient_data	NA	Insufficient_kept_existing	0	AAAA	0	1	0.588	SC / homozygous_null (0.000)
Library011_barcode75	EO08	BL1	Insufficient_data	NA	Insufficient_kept_existing	0	AAAA	0	1	0.91	SC / homozygous_null (0.000)
Library011_barcode77	EO08	BL1	Insufficient_data	NA	Insufficient_kept_existing	0	AAAA	0	1	0.91	SC / homozygous_null (0.000)
Library011_barcode82	EO70	BL2	Insufficient_data	NA	Insufficient_kept_existing	0	AAAA	0	1	0.999	SC / homozygous_null (0.000)
Library011_barcode83	EO70	BL2	Insufficient_data	NA	Insufficient_kept_existing	0	AAAA	0	1	0.999	SC / homozygous_null (0.000)
Library011_barcode84	EO70	BL2	Insufficient_data	NA	Insufficient_kept_existing	0	AAAA	0	1	0.999	SC / homozygous_null (0.000)
Library011_barcode85	EO70	BL2	Insufficient_data	NA	Insufficient_kept_existing	0	AAAA	0	1	0.999	SC / homozygous_null (0.000)
Library011_barcode87	EO18	BL5	Insufficient_data	NA	Insufficient_kept_existing	0	AAAA	0	1	0.588	SC / homozygous_null (0.000)
Library011_barcode88	EO18	BL5	Insufficient_data	NA	Insufficient_kept_existing	0	AAAA	0	1	0.588	SC / homozygous_null (0.000)
Library011_barcode89	EO70	BL2	Insufficient_data	NA	Insufficient_kept_existing	0.6666666666666667	AABB	0	2	0.999	AABB (0.667)
Library011_barcode90	EO70	BL2	Insufficient_data	NA	Insufficient_kept_existing	0.5	AAAB	0	2	0.999	AAAB / AB00 / AAB0 (0.500)
Library011_barcode91	EO70	BL2	Insufficient_data	NA	Insufficient_kept_existing	0	AAAA	0	1	0.999	SC / homozygous_null (0.000)
Library011_barcode92	EO70	BL2	Insufficient_data	NA	Insufficient_kept_existing	0	AAAA	0	1	0.999	SC / homozygous_null (0.000)
Library011_barcode93	EO70	BL2	Insufficient_data	NA	Insufficient_kept_existing	0.5	AAAB	0	2	0.999	AAAB / AB00 / AAB0 (0.500)
Library011_barcode94	EO70	BL2	Insufficient_data	NA	Insufficient_kept_existing	0	AAAA	0	1	0.999	SC / homozygous_null (0.000)
Library011_barcode95	EO70	BL2	Insufficient_data	NA	Insufficient_kept_existing	0.6666666666666667	AABB	0	2	0.999	AABB (0.667)
Library011_barcode96	EO70	BL2	Insufficient_data	NA	Insufficient_kept_existing	0	AAAA	0	1	0.999	SC / homozygous_null (0.000)
Library010_barcode53	EO76	BL3	SC	NA	SC_added_from_SI_status	0	0000	4	0	0.411	SC / homozygous_null (0.000)
