Individual	Allele
BEA_hybrid	Allele_130
BEA_hybrid	Allele_01
BEA_hybrid	Allele_130
BEA_hybrid	Allele_01
Library001_barcode01	Allele_230
Library001_barcode01	Allele_171
Library001_barcode01	Allele_130
Library001_barcode02	Allele_25
Library001_barcode02	Allele_25
Library001_barcode02	Allele_180
Library001_barcode02	Allele_180
Library001_barcode02	Allele_180
Library001_barcode04	Allele_32
Library001_barcode04	Allele_38
Library001_barcode04	Allele_38
Library001_barcode04	Allele_35
Library001_barcode04	Allele_35
Library001_barcode04	Allele_32
Library001_barcode05	Allele_54
Library001_barcode05	Allele_54
Library001_barcode05	Allele_54
Library001_barcode05	Allele_54
Library001_barcode05	Allele_54
Library001_barcode06	Allele_57
Library001_barcode06	Allele_57
Library001_barcode07	Allele_124
Library001_barcode07	Allele_120
Library001_barcode07	Allele_124
Library001_barcode07	Allele_120
Library001_barcode07	Allele_120
Library001_barcode07	Allele_124
Library001_barcode08	Allele_114
Library001_barcode08	Allele_70
Library001_barcode08	Allele_114
Library001_barcode08	Allele_70
Library001_barcode08	Allele_115
Library001_barcode08	Allele_114
Library001_barcode08	Allele_115
Library001_barcode08	Allele_114
Library001_barcode09	Allele_101
Library001_barcode09	Allele_101
Library001_barcode09	Allele_101
Library001_barcode09	Allele_101
Library001_barcode10	Allele_73
Library001_barcode10	Allele_107
Library001_barcode10	Allele_73
Library001_barcode10	Allele_107
Library001_barcode10	Allele_73
Library001_barcode10	Allele_107
Library001_barcode10	Allele_203
Library001_barcode10	Allele_200
Library001_barcode10	Allele_203
Library001_barcode10	Allele_201
Library001_barcode10	Allele_204
Library001_barcode10	Allele_201
Library001_barcode10	Allele_205
Library001_barcode11	Allele_33
Library001_barcode11	Allele_35
Library001_barcode11	Allele_35
Library001_barcode11	Allele_33
Library001_barcode11	Allele_35
Library001_barcode12	Allele_225
Library001_barcode12	Allele_225
Library001_barcode12	Allele_225
Library001_barcode13	Allele_172
Library001_barcode13	Allele_202
Library001_barcode13	Allele_172
Library001_barcode13	Allele_172
Library001_barcode13	Allele_202
Library001_barcode14	Allele_66
Library001_barcode14	Allele_128
Library001_barcode14	Allele_66
Library001_barcode14	Allele_66
Library001_barcode14	Allele_128
Library001_barcode14	Allele_66
Library001_barcode14	Allele_66
Library001_barcode14	Allele_66
Library001_barcode14	Allele_66
Library001_barcode15	Allele_47
Library001_barcode15	Allele_47
Library001_barcode16	Allele_08
Library001_barcode16	Allele_08
Library001_barcode17	Allele_103
Library001_barcode17	Allele_103
Library001_barcode17	Allele_26
Library001_barcode18	Allele_228
Library001_barcode18	Allele_228
Library001_barcode18	Allele_228
Library001_barcode18	Allele_146
Library001_barcode18	Allele_146
Library001_barcode18	Allele_146
Library001_barcode19	Allele_68
Library001_barcode19	Allele_25
Library001_barcode20	Allele_17
Library001_barcode20	Allele_76
Library001_barcode20	Allele_76
Library001_barcode21	Allele_168
Library001_barcode21	Allele_61
Library001_barcode21	Allele_61
Library001_barcode22	Allele_229
Library001_barcode22	Allele_207
Library001_barcode22	Allele_208
Library001_barcode22	Allele_209
Library001_barcode22	Allele_209
Library002_barcode23	Allele_39
Library002_barcode23	Allele_39
Library002_barcode23	Allele_39
Library002_barcode23	Allele_35
Library002_barcode23	Allele_35
Library002_barcode23	Allele_35
Library002_barcode24	Allele_47
Library002_barcode24	Allele_47
Library002_barcode24	Allele_47
Library002_barcode24	Allele_47
Library002_barcode24	Allele_47
Library002_barcode24	Allele_47
Library002_barcode24	Allele_47
Library002_barcode24	Allele_47
Library002_barcode24	Allele_47
Library002_barcode25	Allele_62
Library002_barcode25	Allele_62
Library002_barcode25	Allele_62
Library002_barcode26	Allele_50
Library002_barcode26	Allele_50
Library002_barcode26	Allele_47
Library002_barcode26	Allele_50
Library002_barcode26	Allele_47
Library002_barcode26	Allele_50
Library002_barcode26	Allele_47
Library002_barcode26	Allele_47
Library002_barcode26	Allele_47
Library002_barcode27	Allele_47
Library002_barcode27	Allele_47
Library002_barcode27	Allele_47
Library002_barcode28	Allele_129
Library002_barcode28	Allele_226
Library002_barcode28	Allele_129
Library002_barcode28	Allele_129
Library002_barcode28	Allele_129
Library002_barcode28	Allele_129
Library002_barcode28	Allele_129
Library002_barcode28	Allele_129
Library002_barcode29	Allele_47
Library002_barcode29	Allele_47
Library002_barcode31	Allele_156
Library002_barcode31	Allele_186
Library002_barcode31	Allele_186
Library002_barcode32	Allele_179
Library002_barcode32	Allele_67
Library002_barcode32	Allele_179
Library002_barcode32	Allele_67
Library002_barcode32	Allele_179
Library002_barcode32	Allele_67
Library002_barcode32	Allele_67
Library002_barcode32	Allele_179
Library002_barcode32	Allele_67
Library002_barcode32	Allele_179
Library002_barcode32	Allele_67
Library002_barcode32	Allele_179
Library002_barcode32	Allele_67
Library002_barcode32	Allele_67
Library002_barcode32	Allele_179
Library002_barcode32	Allele_67
Library002_barcode32	Allele_67
Library002_barcode34	Allele_37
Library002_barcode34	Allele_37
Library002_barcode34	Allele_54
Library002_barcode34	Allele_37
Library002_barcode34	Allele_37
Library002_barcode34	Allele_54
Library002_barcode34	Allele_37
Library002_barcode34	Allele_37
Library002_barcode34	Allele_54
Library002_barcode34	Allele_37
Library002_barcode34	Allele_37
Library002_barcode35	Allele_121
Library002_barcode35	Allele_97
Library002_barcode35	Allele_97
Library002_barcode35	Allele_97
Library002_barcode35	Allele_121
Library002_barcode35	Allele_121
Library002_barcode35	Allele_121
Library002_barcode36	Allele_39
Library002_barcode36	Allele_37
Library002_barcode36	Allele_37
Library002_barcode37	Allele_110
Library002_barcode37	Allele_110
Library002_barcode37	Allele_110
Library002_barcode37	Allele_86
Library002_barcode37	Allele_110
Library002_barcode37	Allele_110
Library002_barcode37	Allele_110
Library002_barcode38	Allele_216
Library002_barcode38	Allele_138
Library002_barcode38	Allele_147
Library002_barcode38	Allele_138
Library002_barcode38	Allele_216
Library002_barcode38	Allele_138
Library002_barcode39	Allele_115
Library002_barcode39	Allele_115
Library002_barcode39	Allele_115
Library002_barcode39	Allele_125
Library002_barcode39	Allele_125
Library002_barcode39	Allele_125
Library002_barcode40	Allele_105
Library002_barcode40	Allele_193
Library002_barcode40	Allele_105
Library002_barcode40	Allele_193
Library002_barcode40	Allele_105
Library002_barcode40	Allele_193
Library002_barcode40	Allele_105
Library002_barcode40	Allele_75
Library002_barcode40	Allele_75
Library002_barcode41	Allele_06
Library002_barcode41	Allele_06
Library002_barcode41	Allele_06
Library002_barcode41	Allele_06
Library002_barcode42	Allele_131
Library002_barcode42	Allele_215
Library002_barcode42	Allele_131
Library002_barcode43	Allele_57
Library002_barcode43	Allele_57
Library002_barcode43	Allele_57
Library002_barcode43	Allele_187
Library002_barcode43	Allele_187
Library002_barcode43	Allele_187
Library002_barcode44	Allele_224
Library002_barcode44	Allele_223
Library002_barcode44	Allele_224
Library002_barcode44	Allele_222
Library002_barcode44	Allele_224
Library002_barcode44	Allele_223
Library002_barcode45	Allele_212
Library002_barcode45	Allele_212
Library002_barcode45	Allele_212
Library002_barcode45	Allele_212
Library002_barcode46	Allele_10
Library002_barcode46	Allele_85
Library002_barcode46	Allele_85
Library002_barcode46	Allele_10
Library002_barcode47	Allele_72
Library002_barcode47	Allele_72
Library002_barcode47	Allele_72
Library002_barcode47	Allele_72
Library002_barcode47	Allele_72
Library002_barcode47	Allele_72
Library002_barcode47	Allele_72
Library002_barcode47	Allele_164
Library002_barcode47	Allele_165
Library002_barcode47	Allele_165
Library002_barcode47	Allele_166
Library002_barcode47	Allele_165
Library002_barcode48	Allele_127
Library002_barcode48	Allele_128
Library002_barcode48	Allele_127
Library002_barcode48	Allele_128
Library002_barcode48	Allele_127
Library002_barcode48	Allele_128
Library002_barcode49	Allele_194
Library002_barcode50	Allele_11
Library002_barcode50	Allele_11
Library002_barcode50	Allele_11
Library002_barcode50	Allele_11
Library002_barcode50	Allele_11
Library002_barcode50	Allele_11
Library002_barcode50	Allele_57
Library002_barcode51	Allele_113
Library002_barcode51	Allele_113
Library002_barcode51	Allele_113
Library002_barcode52	Allele_54
Library002_barcode52	Allele_54
Library002_barcode52	Allele_39
Library002_barcode53	Allele_39
Library002_barcode53	Allele_33
Library002_barcode53	Allele_39
Library002_barcode53	Allele_39
Library002_barcode53	Allele_33
Library002_barcode53	Allele_33
Library002_barcode54	Allele_47
Library002_barcode54	Allele_47
Library002_barcode54	Allele_47
Library002_barcode54	Allele_47
Library002_barcode54	Allele_47
Library002_barcode54	Allele_47
Library002_barcode55	Allele_155
Library002_barcode55	Allele_155
Library002_barcode55	Allele_155
Library002_barcode56	Allele_55
Library002_barcode56	Allele_55
Library002_barcode56	Allele_55
Library002_barcode56	Allele_55
Library002_barcode56	Allele_55
Library002_barcode56	Allele_55
Library002_barcode57	Allele_112
Library002_barcode57	Allele_112
Library002_barcode57	Allele_10
Library002_barcode57	Allele_112
Library002_barcode57	Allele_112
Library002_barcode57	Allele_112
Library002_barcode58	Allele_85
Library002_barcode58	Allele_85
Library002_barcode58	Allele_85
Library002_barcode58	Allele_85
Library002_barcode58	Allele_192
Library002_barcode58	Allele_86
Library002_barcode58	Allele_85
Library003_barcode60	Allele_195
Library003_barcode60	Allele_72
Library003_barcode60	Allele_72
Library003_barcode60	Allele_72
Library003_barcode60	Allele_195
Library003_barcode61	Allele_60
Library003_barcode61	Allele_60
Library003_barcode61	Allele_60
Library003_barcode61	Allele_60
Library003_barcode61	Allele_60
Library003_barcode61	Allele_60
Library003_barcode61	Allele_122
Library003_barcode61	Allele_60
Library003_barcode61	Allele_60
Library003_barcode61	Allele_122
Library003_barcode61	Allele_60
Library003_barcode61	Allele_60
Library003_barcode62	Allele_206
Library003_barcode62	Allele_111
Library003_barcode62	Allele_111
Library003_barcode62	Allele_111
Library003_barcode62	Allele_111
Library003_barcode62	Allele_107
Library003_barcode62	Allele_111
Library003_barcode63	Allele_140
Library003_barcode63	Allele_139
Library003_barcode63	Allele_140
Library003_barcode63	Allele_141
Library003_barcode63	Allele_140
Library003_barcode63	Allele_142
Library003_barcode63	Allele_18
Library003_barcode64	Allele_01
Library003_barcode64	Allele_227
Library003_barcode64	Allele_01
Library003_barcode64	Allele_227
Library003_barcode64	Allele_227
Library003_barcode66	Allele_30
Library003_barcode66	Allele_30
Library003_barcode67	Allele_19
Library003_barcode67	Allele_77
Library003_barcode67	Allele_77
Library003_barcode67	Allele_81
Library003_barcode67	Allele_81
Library003_barcode67	Allele_81
Library003_barcode68	Allele_17
Library003_barcode68	Allele_18
Library003_barcode68	Allele_17
Library003_barcode68	Allele_17
Library003_barcode68	Allele_17
Library003_barcode68	Allele_17
Library003_barcode69	Allele_198
Library003_barcode69	Allele_196
Library003_barcode69	Allele_173
Library003_barcode70	Allele_69
Library003_barcode70	Allele_81
Library003_barcode71	Allele_81
Library003_barcode71	Allele_218
Library003_barcode71	Allele_81
Library003_barcode71	Allele_218
Library003_barcode71	Allele_218
Library003_barcode71	Allele_81
Library003_barcode71	Allele_79
Library003_barcode71	Allele_79
Library003_barcode71	Allele_79
Library003_barcode71	Allele_79
Library003_barcode72	Allele_119
Library003_barcode72	Allele_119
Library003_barcode73	Allele_69
Library003_barcode73	Allele_107
Library003_barcode73	Allele_107
Library003_barcode73	Allele_108
Library003_barcode73	Allele_107
Library003_barcode74	Allele_161
Library003_barcode74	Allele_161
Library003_barcode74	Allele_162
Library003_barcode74	Allele_122
Library003_barcode74	Allele_163
Library003_barcode75	Allele_149
Library003_barcode75	Allele_149
Library003_barcode75	Allele_150
Library003_barcode75	Allele_148
Library003_barcode75	Allele_148
Library003_barcode76	Allele_177
Library003_barcode76	Allele_185
Library003_barcode77	Allele_220
Library003_barcode77	Allele_220
Library003_barcode77	Allele_220
Library003_barcode77	Allele_220
Library003_barcode77	Allele_158
Library003_barcode77	Allele_221
Library003_barcode77	Allele_158
Library003_barcode77	Allele_221
Library003_barcode77	Allele_158
Library003_barcode77	Allele_221
Library003_barcode77	Allele_158
Library003_barcode77	Allele_221
Library003_barcode78	Allele_180
Library003_barcode78	Allele_180
Library003_barcode78	Allele_68
Library003_barcode78	Allele_169
Library004_barcode79	Allele_122
Library004_barcode79	Allele_122
Library004_barcode79	Allele_122
Library004_barcode80	Allele_220
Library004_barcode80	Allele_220
Library004_barcode80	Allele_220
Library004_barcode81	Allele_210
Library004_barcode81	Allele_188
Library004_barcode81	Allele_211
Library004_barcode81	Allele_189
Library004_barcode81	Allele_189
Library004_barcode82	Allele_75
Library004_barcode82	Allele_75
Library004_barcode82	Allele_157
Library004_barcode83	Allele_198
Library004_barcode83	Allele_183
Library004_barcode83	Allele_152
Library004_barcode84	Allele_97
Library004_barcode84	Allele_97
Library004_barcode84	Allele_97
Library004_barcode85	Allele_05
Library004_barcode85	Allele_132
Library004_barcode85	Allele_05
Library004_barcode85	Allele_133
Library004_barcode85	Allele_05
Library004_barcode86	Allele_143
Library004_barcode86	Allele_159
Library004_barcode86	Allele_144
Library004_barcode86	Allele_160
Library004_barcode86	Allele_145
Library004_barcode87	Allele_97
Library004_barcode87	Allele_153
Library004_barcode87	Allele_97
Library004_barcode87	Allele_153
Library004_barcode87	Allele_97
Library004_barcode87	Allele_153
Library004_barcode88	Allele_184
Library004_barcode88	Allele_184
Library004_barcode89	Allele_05
Library004_barcode89	Allele_05
Library004_barcode89	Allele_05
Library004_barcode89	Allele_05
Library004_barcode89	Allele_05
Library004_barcode89	Allele_05
Library004_barcode89	Allele_05
Library004_barcode89	Allele_05
Library005_barcode01	Allele_15
Library005_barcode01	Allele_134
Library005_barcode01	Allele_135
Library005_barcode01	Allele_15
Library005_barcode01	Allele_134
Library005_barcode01	Allele_15
Library005_barcode01	Allele_136
Library005_barcode01	Allele_15
Library005_barcode01	Allele_134
Library005_barcode01	Allele_15
Library005_barcode01	Allele_137
Library005_barcode01	Allele_134
Library005_barcode01	Allele_15
Library005_barcode01	Allele_07
Library005_barcode01	Allele_07
Library005_barcode01	Allele_07
Library005_barcode01	Allele_07
Library005_barcode02	Allele_106
Library005_barcode02	Allele_106
Library005_barcode02	Allele_106
Library005_barcode02	Allele_106
Library005_barcode02	Allele_178
Library005_barcode03	Allele_97
Library005_barcode03	Allele_97
Library005_barcode03	Allele_97
Library005_barcode03	Allele_97
Library005_barcode03	Allele_97
Library005_barcode03	Allele_97
Library005_barcode03	Allele_97
Library005_barcode03	Allele_97
Library005_barcode04	Allele_30
Library005_barcode04	Allele_30
Library005_barcode04	Allele_30
Library005_barcode04	Allele_30
Library005_barcode04	Allele_97
Library005_barcode04	Allele_97
Library005_barcode04	Allele_97
Library005_barcode05	Allele_63
Library005_barcode05	Allele_63
Library005_barcode05	Allele_167
Library005_barcode05	Allele_63
Library005_barcode05	Allele_219
Library005_barcode07	Allele_15
Library005_barcode07	Allele_82
Library005_barcode07	Allele_97
Library005_barcode07	Allele_82
Library005_barcode07	Allele_97
Library005_barcode07	Allele_82
Library005_barcode07	Allele_191
Library005_barcode07	Allele_82
Library005_barcode07	Allele_106
Library005_barcode07	Allele_15
Library005_barcode08	Allele_97
Library005_barcode08	Allele_97
Library005_barcode08	Allele_97
Library005_barcode08	Allele_97
Library005_barcode08	Allele_97
Library005_barcode08	Allele_97
Library005_barcode08	Allele_97
Library005_barcode08	Allele_97
Library005_barcode09	Allele_103
Library005_barcode09	Allele_103
Library005_barcode09	Allele_103
Library005_barcode09	Allele_103
Library005_barcode09	Allele_97
Library005_barcode09	Allele_103
Library005_barcode09	Allele_97
Library005_barcode09	Allele_103
Library005_barcode09	Allele_97
Library005_barcode09	Allele_103
Library005_barcode10	Allele_97
Library005_barcode10	Allele_15
Library005_barcode10	Allele_97
Library005_barcode10	Allele_15
Library005_barcode10	Allele_97
Library005_barcode10	Allele_15
Library005_barcode10	Allele_97
Library005_barcode10	Allele_15
Library005_barcode10	Allele_97
Library005_barcode10	Allele_97
Library005_barcode10	Allele_97
Library005_barcode10	Allele_97
Library005_barcode12	Allele_15
Library005_barcode12	Allele_15
Library005_barcode12	Allele_177
Library005_barcode12	Allele_177
Library005_barcode12	Allele_177
Library005_barcode13	Allele_217
Library005_barcode13	Allele_217
Library005_barcode14	Allele_25
Library005_barcode14	Allele_07
Library005_barcode14	Allele_25
Library005_barcode14	Allele_25
Library005_barcode14	Allele_25
Library005_barcode14	Allele_07
Library005_barcode15	Allele_97
Library005_barcode15	Allele_97
Library005_barcode15	Allele_97
Library005_barcode16	Allele_217
Library005_barcode16	Allele_217
Library005_barcode16	Allele_217
Library005_barcode17	Allele_07
Library005_barcode17	Allele_07
Library005_barcode17	Allele_97
Library005_barcode18	Allele_26
Library005_barcode18	Allele_26
Library005_barcode19	Allele_177
Library005_barcode19	Allele_177
Library005_barcode19	Allele_177
Library005_barcode20	Allele_26
Library005_barcode20	Allele_31
Library005_barcode20	Allele_101
Library005_barcode20	Allele_31
Library005_barcode20	Allele_154
Library005_barcode20	Allele_101
Library005_barcode20	Allele_154
Library005_barcode20	Allele_101
Library005_barcode20	Allele_31
Library005_barcode20	Allele_154
Library005_barcode20	Allele_101
Library005_barcode20	Allele_31
Library005_barcode20	Allele_154
Library005_barcode20	Allele_101
Library005_barcode21	Allele_97
Library005_barcode21	Allele_97
Library005_barcode21	Allele_97
Library005_barcode21	Allele_97
Library005_barcode21	Allele_126
Library005_barcode21	Allele_97
Library005_barcode21	Allele_126
Library005_barcode21	Allele_97
Library005_barcode22	Allele_151
Library005_barcode22	Allele_23
Library005_barcode22	Allele_23
Library005_barcode22	Allele_151
Library005_barcode22	Allele_23
Library005_barcode22	Allele_23
Library005_barcode22	Allele_151
Library005_barcode22	Allele_23
Library005_barcode22	Allele_23
Library005_barcode22	Allele_23
Library005_barcode23	Allele_190
Library005_barcode23	Allele_119
Library005_barcode23	Allele_190
Library005_barcode23	Allele_119
Library005_barcode23	Allele_190
Library005_barcode23	Allele_119
Library005_barcode24	Allele_118
Library005_barcode24	Allele_118
Library005_barcode24	Allele_119
Library005_barcode25	Allele_118
Library005_barcode25	Allele_118
Library005_barcode25	Allele_118
Library005_barcode25	Allele_118
Library005_barcode26	Allele_119
Library005_barcode26	Allele_119
Library005_barcode27	Allele_122
Library005_barcode27	Allele_122
Library005_barcode27	Allele_122
Library005_barcode28	Allele_170
Library005_barcode28	Allele_107
Library005_barcode28	Allele_107
Library005_barcode29	Allele_174
Library005_barcode29	Allele_122
Library005_barcode29	Allele_176
Library005_barcode29	Allele_122
Library005_barcode29	Allele_122
Library005_barcode29	Allele_19
Library005_barcode30	Allele_176
Library005_barcode30	Allele_176
Library005_barcode30	Allele_175
Library005_barcode30	Allele_122
Library005_barcode30	Allele_122
Library005_barcode30	Allele_122
Library005_barcode31	Allele_197
Library005_barcode31	Allele_199
Library005_barcode31	Allele_69
Library005_barcode31	Allele_198
Library005_barcode31	Allele_108
Library005_barcode31	Allele_69
Library005_barcode32	Allele_76
Library005_barcode32	Allele_181
Library005_barcode33	Allele_182
Library005_barcode33	Allele_64
Library005_barcode33	Allele_64
Library005_barcode34	Allele_122
Library005_barcode34	Allele_122
Library005_barcode34	Allele_122
Library005_barcode35	Allele_214
Library005_barcode35	Allele_214
Library005_barcode35	Allele_213
Library005_barcode35	Allele_213
Library005_barcode36	Allele_151
Library005_barcode36	Allele_23
Library005_barcode36	Allele_23
Library005_barcode36	Allele_151
