Individual	Pop	Genotype_Pattern	Allele_1	Allele_2	Allele_3	Allele_4	ID_1	ID_2	ID_3	ID_4	Method
Library001_barcode02	67	AAAB	Allele_007	Allele_048	Allele_048	Allele_048	2	40	40	40	heterozygous_3x1
Library001_barcode03	96-16	AAAA	Allele_024	Allele_024	Allele_024	Allele_024	17	17	17	17	homozygous_4x
Library001_barcode04	702-3	AAAA	Allele_020	Allele_020	Allele_020	Allele_020	13	13	13	13	homozygous_4x
Library001_barcode05	712-5	AAAA	Allele_024	Allele_024	Allele_024	Allele_024	17	17	17	17	homozygous_4x
Library001_barcode06	38	AAAA	Allele_011	Allele_011	Allele_011	Allele_011	6	6	6	6	homozygous_4x
Library001_barcode07	61	AAAA	Allele_048	Allele_048	Allele_048	Allele_048	40	40	40	40	homozygous_4x
Library001_barcode08	70	AAAB	Allele_043	Allele_043	Allele_043	Allele_044	36	36	36	37	heterozygous_3x1
Library001_barcode09	76	AABB	Allele_009	Allele_009	Allele_048	Allele_048	4	4	40	40	heterozygous_2x2
Library001_barcode10	25	AAAB	Allele_044	Allele_044	Allele_044	Allele_045	37	37	37	38	heterozygous_3x1
Library001_barcode11	709	AABB	Allele_020	Allele_020	Allele_023	Allele_023	13	13	16	16	heterozygous_2x2
Library001_barcode12	15	AAAA	Allele_040	Allele_040	Allele_040	Allele_040	33	33	33	33	homozygous_4x
Library001_barcode14	118	AAAB	Allele_039	Allele_039	Allele_039	Allele_044	32	32	32	37	heterozygous_3x1
Library001_barcode16	27	AAAA	Allele_048	Allele_048	Allele_048	Allele_048	40	40	40	40	homozygous_4x
Library001_barcode17	76	AABB	Allele_017	Allele_017	Allele_021	Allele_021	10	10	14	14	heterozygous_2x2
Library001_barcode18	26-3	AAAB	Allele_045	Allele_048	Allele_048	Allele_048	38	40	40	40	heterozygous_3x1
Library001_barcode19	27	AAAA	Allele_008	Allele_008	Allele_008	Allele_008	3	3	3	3	homozygous_4x
Library001_barcode20	18	AAAA	Allele_022	Allele_022	Allele_022	Allele_022	15	15	15	15	homozygous_4x
Library001_barcode21	8	AABB	Allele_025	Allele_025	Allele_044	Allele_044	18	18	37	37	heterozygous_2x2
Library002_barcode23	96-16	AAAA	Allele_020	Allele_020	Allele_020	Allele_020	13	13	13	13	homozygous_4x
Library002_barcode28	27	AAAA	Allele_044	Allele_044	Allele_044	Allele_044	37	37	37	37	homozygous_4x
Library002_barcode29	405	AABB	Allele_002	Allele_002	Allele_055	Allele_055	1	1	47	47	heterozygous_2x2
Library002_barcode31	25	AABB	Allele_010	Allele_010	Allele_042	Allele_042	5	5	35	35	heterozygous_2x2
Library002_barcode32	48	AAAB	Allele_031	Allele_048	Allele_048	Allele_048	24	40	40	40	heterozygous_3x1
Library002_barcode34	84-2	AAAB	Allele_013	Allele_013	Allele_013	Allele_024	8	8	8	17	heterozygous_3x1
Library002_barcode35	52	AAAB	Allele_016	Allele_044	Allele_044	Allele_044	9	37	37	37	heterozygous_3x1
Library002_barcode36	704	AAAA	Allele_020	Allele_020	Allele_020	Allele_020	13	13	13	13	homozygous_4x
Library002_barcode37	18	AAAA	Allele_045	Allele_045	Allele_045	Allele_045	38	38	38	38	homozygous_4x
Library002_barcode38	15	AAAA	Allele_046	Allele_046	Allele_046	Allele_046	39	39	39	39	homozygous_4x
Library002_barcode39	70	AAAB	Allele_043	Allele_043	Allele_043	Allele_049	36	36	36	41	heterozygous_3x1
Library002_barcode42	29	AABB	Allele_044	Allele_044	Allele_048	Allele_048	37	37	40	40	heterozygous_2x2
Library002_barcode43	118	AABC	Allele_011	Allele_032	Allele_048	Allele_048	6	25	40	40	heterozygous_2x1x1
Library002_barcode44	67	AAAA	Allele_048	Allele_048	Allele_048	Allele_048	40	40	40	40	homozygous_4x
Library002_barcode45	52	AAAA	Allele_033	Allele_033	Allele_033	Allele_033	26	26	26	26	homozygous_4x
Library002_barcode46	68	AAAA	Allele_022	Allele_022	Allele_022	Allele_022	15	15	15	15	homozygous_4x
Library002_barcode47	8	AAAA	Allele_044	Allele_044	Allele_044	Allele_044	37	37	37	37	homozygous_4x
Library002_barcode48	118	AAAB	Allele_044	Allele_044	Allele_044	Allele_052	37	37	37	44	heterozygous_3x1
Library002_barcode50	24	AAAA	Allele_048	Allele_048	Allele_048	Allele_048	40	40	40	40	homozygous_4x
Library002_barcode51	18	AABC	Allele_010	Allele_010	Allele_023	Allele_045	5	5	16	38	heterozygous_2x1x1
Library002_barcode52	702-24	AAAA	Allele_020	Allele_020	Allele_020	Allele_020	13	13	13	13	homozygous_4x
Library002_barcode53	715-1	AABB	Allele_020	Allele_020	Allele_023	Allele_023	13	13	16	16	heterozygous_2x2
Library002_barcode57	68	AAAA	Allele_045	Allele_045	Allele_045	Allele_045	38	38	38	38	homozygous_4x
Library002_barcode58	68	AAAA	Allele_022	Allele_022	Allele_022	Allele_022	15	15	15	15	homozygous_4x
Library003_barcode60	67	AAAA	Allele_044	Allele_044	Allele_044	Allele_044	37	37	37	37	homozygous_4x
Library003_barcode61	25	AAAB	Allele_010	Allele_010	Allele_010	Allele_044	5	5	5	37	heterozygous_3x1
Library003_barcode62	25	AAAB	Allele_044	Allele_045	Allele_045	Allele_045	37	38	38	38	heterozygous_3x1
Library003_barcode63	67	AABB	Allele_019	Allele_019	Allele_048	Allele_048	12	12	40	40	heterozygous_2x2
Library003_barcode64	67	AAAB	Allele_046	Allele_046	Allele_046	Allele_048	39	39	39	40	heterozygous_3x1
Library003_barcode65	25	AABB	Allele_022	Allele_022	Allele_044	Allele_044	15	15	37	37	heterozygous_2x2
Library003_barcode66	76	AABB	Allele_009	Allele_009	Allele_021	Allele_021	4	4	14	14	heterozygous_2x2
Library003_barcode67	25	AAAA	Allele_022	Allele_022	Allele_022	Allele_022	15	15	15	15	homozygous_4x
Library003_barcode68	67	AAAA	Allele_022	Allele_022	Allele_022	Allele_022	15	15	15	15	homozygous_4x
Library003_barcode69	25	AAAA	Allele_044	Allele_044	Allele_044	Allele_044	37	37	37	37	homozygous_4x
Library003_barcode70	25	AAAA	Allele_022	Allele_022	Allele_022	Allele_022	15	15	15	15	homozygous_4x
Library003_barcode71	25	AAAA	Allele_022	Allele_022	Allele_022	Allele_022	15	15	15	15	homozygous_4x
Library003_barcode72	25	AAAA	Allele_030	Allele_030	Allele_030	Allele_030	23	23	23	23	homozygous_4x
Library003_barcode73	25	AAAA	Allele_044	Allele_044	Allele_044	Allele_044	37	37	37	37	homozygous_4x
Library003_barcode74	25	AAAB	Allele_035	Allele_044	Allele_044	Allele_044	28	37	37	37	heterozygous_3x1
Library003_barcode76	76	AAAB	Allele_037	Allele_037	Allele_037	Allele_048	30	30	30	40	heterozygous_3x1
Library003_barcode77	67	AAAA	Allele_044	Allele_044	Allele_044	Allele_044	37	37	37	37	homozygous_4x
Library003_barcode78	67	AABB	Allele_044	Allele_044	Allele_048	Allele_048	37	37	40	40	heterozygous_2x2
Library004_barcode79	25	AAAA	Allele_044	Allele_044	Allele_044	Allele_044	37	37	37	37	homozygous_4x
Library004_barcode80	67	AAAA	Allele_044	Allele_044	Allele_044	Allele_044	37	37	37	37	homozygous_4x
Library004_barcode81	25	AABB	Allele_022	Allele_022	Allele_045	Allele_045	15	15	38	38	heterozygous_2x2
Library004_barcode82	25	AABB	Allele_011	Allele_011	Allele_038	Allele_038	6	6	31	31	heterozygous_2x2
Library004_barcode83	25	AAAA	Allele_044	Allele_044	Allele_044	Allele_044	37	37	37	37	homozygous_4x
Library004_barcode84	76	AAAA	Allele_016	Allele_016	Allele_016	Allele_016	9	9	9	9	homozygous_4x
Library004_barcode85	67	AABB	Allele_028	Allele_028	Allele_048	Allele_048	21	21	40	40	heterozygous_2x2
Library004_barcode86	67	AAAA	Allele_019	Allele_019	Allele_019	Allele_019	12	12	12	12	homozygous_4x
Library004_barcode87	76	AAAB	Allele_016	Allele_021	Allele_021	Allele_021	9	14	14	14	heterozygous_3x1
Library004_barcode88	67	AAAA	Allele_048	Allele_048	Allele_048	Allele_048	40	40	40	40	homozygous_4x
Library004_barcode89	67	AAAA	Allele_028	Allele_028	Allele_028	Allele_028	21	21	21	21	homozygous_4x
Library005_barcode01	76	AAAA	Allele_048	Allele_048	Allele_048	Allele_048	40	40	40	40	homozygous_4x
Library005_barcode02	76	AAAA	Allele_048	Allele_048	Allele_048	Allele_048	40	40	40	40	homozygous_4x
Library005_barcode03	76	AAAB	Allele_016	Allele_016	Allele_016	Allele_048	9	9	9	40	heterozygous_3x1
Library005_barcode05	76	AAAA	Allele_044	Allele_044	Allele_044	Allele_044	37	37	37	37	homozygous_4x
Library005_barcode08	76	AAAA	Allele_016	Allele_016	Allele_016	Allele_016	9	9	9	9	homozygous_4x
Library005_barcode09	76	AAAA	Allele_016	Allele_016	Allele_016	Allele_016	9	9	9	9	homozygous_4x
Library005_barcode10	76	AABB	Allele_016	Allele_016	Allele_048	Allele_048	9	9	40	40	heterozygous_2x2
Library005_barcode11	76	AAAA	Allele_037	Allele_037	Allele_037	Allele_037	30	30	30	30	homozygous_4x
Library005_barcode12	76	AAAB	Allele_037	Allele_037	Allele_037	Allele_048	30	30	30	40	heterozygous_3x1
Library005_barcode13	76	AAAA	Allele_036	Allele_036	Allele_036	Allele_036	29	29	29	29	homozygous_4x
Library005_barcode14	76	AAAB	Allele_007	Allele_048	Allele_048	Allele_048	2	40	40	40	heterozygous_3x1
Library005_barcode15	76	AAAA	Allele_016	Allele_016	Allele_016	Allele_016	9	9	9	9	homozygous_4x
Library005_barcode16	76	AAAA	Allele_036	Allele_036	Allele_036	Allele_036	29	29	29	29	homozygous_4x
Library005_barcode17	76	AABB	Allele_016	Allele_016	Allele_048	Allele_048	9	9	40	40	heterozygous_2x2
Library005_barcode18	76	AAAA	Allele_021	Allele_021	Allele_021	Allele_021	14	14	14	14	homozygous_4x
Library005_barcode19	76	AAAA	Allele_037	Allele_037	Allele_037	Allele_037	30	30	30	30	homozygous_4x
Library005_barcode20	76	AAAB	Allele_009	Allele_021	Allele_021	Allele_021	4	14	14	14	heterozygous_3x1
Library005_barcode21	76	AAAB	Allele_016	Allele_016	Allele_016	Allele_048	9	9	9	40	heterozygous_3x1
Library005_barcode22	25	AABB	Allele_042	Allele_042	Allele_049	Allele_049	35	35	41	41	heterozygous_2x2
Library005_barcode23	25	AAAB	Allele_022	Allele_022	Allele_022	Allele_030	15	15	15	23	heterozygous_3x1
Library005_barcode24	25	AAAB	Allele_030	Allele_030	Allele_030	Allele_035	23	23	23	28	heterozygous_3x1
Library005_barcode25	25	AABB	Allele_030	Allele_030	Allele_035	Allele_035	23	23	28	28	heterozygous_2x2
Library005_barcode26	25	AAAA	Allele_030	Allele_030	Allele_030	Allele_030	23	23	23	23	homozygous_4x
Library005_barcode27	25	AAAA	Allele_044	Allele_044	Allele_044	Allele_044	37	37	37	37	homozygous_4x
Library005_barcode28	25	AAAA	Allele_044	Allele_044	Allele_044	Allele_044	37	37	37	37	homozygous_4x
Library005_barcode29	25	AAAA	Allele_044	Allele_044	Allele_044	Allele_044	37	37	37	37	homozygous_4x
Library005_barcode30	25	AAAA	Allele_044	Allele_044	Allele_044	Allele_044	37	37	37	37	homozygous_4x
Library005_barcode31	25	AAAA	Allele_044	Allele_044	Allele_044	Allele_044	37	37	37	37	homozygous_4x
Library005_barcode32	25	AAAB	Allele_022	Allele_048	Allele_048	Allele_048	15	40	40	40	heterozygous_3x1
Library005_barcode33	25	AAAA	Allele_044	Allele_044	Allele_044	Allele_044	37	37	37	37	homozygous_4x
Library005_barcode34	25	AAAA	Allele_044	Allele_044	Allele_044	Allele_044	37	37	37	37	homozygous_4x
Library005_barcode35	25	AAAA	Allele_048	Allele_048	Allele_048	Allele_048	40	40	40	40	homozygous_4x
Library005_barcode36	25	AABB	Allele_042	Allele_042	Allele_049	Allele_049	35	35	41	41	heterozygous_2x2
Library006_barcode37	27	AAAB	Allele_045	Allele_045	Allele_045	Allele_048	38	38	38	40	heterozygous_3x1
Library006_barcode38	27	AABB	Allele_012	Allele_012	Allele_044	Allele_044	7	7	37	37	heterozygous_2x2
Library006_barcode39	27	AAAA	Allele_045	Allele_045	Allele_045	Allele_045	38	38	38	38	homozygous_4x
Library006_barcode40	27	AABB	Allele_039	Allele_039	Allele_044	Allele_044	32	32	37	37	heterozygous_2x2
Library006_barcode41	27	AAAB	Allele_039	Allele_039	Allele_039	Allele_044	32	32	32	37	heterozygous_3x1
Library006_barcode42	25	AAAA	Allele_048	Allele_048	Allele_048	Allele_048	40	40	40	40	homozygous_4x
Library006_barcode43	76	AAAA	Allele_036	Allele_036	Allele_036	Allele_036	29	29	29	29	homozygous_4x
Library006_barcode44	27	AABB	Allele_040	Allele_040	Allele_044	Allele_044	33	33	37	37	heterozygous_2x2
Library006_barcode46	27	AAAA	Allele_048	Allele_048	Allele_048	Allele_048	40	40	40	40	homozygous_4x
Library006_barcode47	27	AAAA	Allele_041	Allele_041	Allele_041	Allele_041	34	34	34	34	homozygous_4x
Library006_barcode48	27	AAAA	Allele_048	Allele_048	Allele_048	Allele_048	40	40	40	40	homozygous_4x
Library006_barcode49	27	AAAA	Allele_044	Allele_044	Allele_044	Allele_044	37	37	37	37	homozygous_4x
Library006_barcode50	27	AAAA	Allele_044	Allele_044	Allele_044	Allele_044	37	37	37	37	homozygous_4x
Library006_barcode51	27	AAAA	Allele_048	Allele_048	Allele_048	Allele_048	40	40	40	40	homozygous_4x
Library006_barcode52	27	AABB	Allele_044	Allele_044	Allele_045	Allele_045	37	37	38	38	heterozygous_2x2
Library006_barcode53	27	AAAA	Allele_045	Allele_045	Allele_045	Allele_045	38	38	38	38	homozygous_4x
Library006_barcode54	27	AABB	Allele_040	Allele_040	Allele_041	Allele_041	33	33	34	34	heterozygous_2x2
Library006_barcode55	27	AAAA	Allele_041	Allele_041	Allele_041	Allele_041	34	34	34	34	homozygous_4x
Library006_barcode56	67	AAAB	Allele_044	Allele_048	Allele_048	Allele_048	37	40	40	40	heterozygous_3x1
Library006_barcode57	67	AAAA	Allele_046	Allele_046	Allele_046	Allele_046	39	39	39	39	homozygous_4x
Library006_barcode58	67	AAAA	Allele_048	Allele_048	Allele_048	Allele_048	40	40	40	40	homozygous_4x
Library006_barcode59	67	AABB	Allele_044	Allele_044	Allele_048	Allele_048	37	37	40	40	heterozygous_2x2
Library006_barcode60	67	AAAA	Allele_048	Allele_048	Allele_048	Allele_048	40	40	40	40	homozygous_4x
Library006_barcode61	67	AAAA	Allele_048	Allele_048	Allele_048	Allele_048	40	40	40	40	homozygous_4x
Library006_barcode62	67	AAAA	Allele_048	Allele_048	Allele_048	Allele_048	40	40	40	40	homozygous_4x
Library006_barcode63	67	AAAA	Allele_045	Allele_045	Allele_045	Allele_045	38	38	38	38	homozygous_4x
Library006_barcode64	67	AABB	Allele_028	Allele_028	Allele_034	Allele_034	21	21	27	27	heterozygous_2x2
Library006_barcode65	67	AAAA	Allele_044	Allele_044	Allele_044	Allele_044	37	37	37	37	homozygous_4x
Library006_barcode66	67	AABB	Allele_034	Allele_034	Allele_048	Allele_048	27	27	40	40	heterozygous_2x2
Library007_barcode67	27	AAAA	Allele_044	Allele_044	Allele_044	Allele_044	37	37	37	37	homozygous_4x
Library007_barcode68	27	AAAA	Allele_044	Allele_044	Allele_044	Allele_044	37	37	37	37	homozygous_4x
Library007_barcode69	27	AAAB	Allele_044	Allele_044	Allele_044	Allele_054	37	37	37	46	heterozygous_3x1
Library007_barcode70	27	AAAB	Allele_048	Allele_049	Allele_049	Allele_049	40	41	41	41	heterozygous_3x1
Library007_barcode71	27	AAAA	Allele_042	Allele_042	Allele_042	Allele_042	35	35	35	35	homozygous_4x
Library007_barcode72	27	AAAA	Allele_048	Allele_048	Allele_048	Allele_048	40	40	40	40	homozygous_4x
Library007_barcode73	27	AAAB	Allele_020	Allele_020	Allele_020	Allele_045	13	13	13	38	heterozygous_3x1
Library007_barcode77	27	AAAA	Allele_048	Allele_048	Allele_048	Allele_048	40	40	40	40	homozygous_4x
Library007_barcode78	27	AABB	Allele_026	Allele_026	Allele_027	Allele_027	19	19	20	20	heterozygous_2x2
Library007_barcode80	27	AAAA	Allele_023	Allele_023	Allele_023	Allele_023	16	16	16	16	homozygous_4x
Library007_barcode81	67	AAAA	Allele_048	Allele_048	Allele_048	Allele_048	40	40	40	40	homozygous_4x
Library007_barcode82	67	AABC	Allele_028	Allele_029	Allele_034	Allele_034	21	22	27	27	heterozygous_2x1x1
Library007_barcode83	67	AAAB	Allele_018	Allele_018	Allele_018	Allele_028	11	11	11	21	heterozygous_3x1
Library007_barcode84	67	AABB	Allele_028	Allele_028	Allele_044	Allele_044	21	21	37	37	heterozygous_2x2
Library007_barcode85	67	AABB	Allele_034	Allele_034	Allele_050	Allele_050	27	27	42	42	heterozygous_2x2
Library007_barcode86	67	AABC	Allele_045	Allele_046	Allele_046	Allele_048	38	39	39	40	heterozygous_2x1x1
Library007_barcode87	67	AAAB	Allele_045	Allele_045	Allele_045	Allele_046	38	38	38	39	heterozygous_3x1
Library007_barcode88	67	AAAA	Allele_019	Allele_019	Allele_019	Allele_019	12	12	12	12	homozygous_4x
Library008_barcode01	70	AAAB	Allele_044	Allele_048	Allele_048	Allele_048	37	40	40	40	heterozygous_3x1
Library008_barcode02	70	AABB	Allele_043	Allele_043	Allele_044	Allele_044	36	36	37	37	heterozygous_2x2
Library008_barcode03	70	AAAA	Allele_048	Allele_048	Allele_048	Allele_048	40	40	40	40	homozygous_4x
Library008_barcode04	70	AABB	Allele_048	Allele_048	Allele_051	Allele_051	40	40	43	43	heterozygous_2x2
Library008_barcode05	70	AAAA	Allele_048	Allele_048	Allele_048	Allele_048	40	40	40	40	homozygous_4x
Library008_barcode06	70	AAAA	Allele_048	Allele_048	Allele_048	Allele_048	40	40	40	40	homozygous_4x
Library008_barcode07	70	AAAB	Allele_044	Allele_048	Allele_048	Allele_048	37	40	40	40	heterozygous_3x1
Library008_barcode08	70	AABB	Allele_044	Allele_044	Allele_053	Allele_053	37	37	45	45	heterozygous_2x2
Library008_barcode09	70	AAAA	Allele_048	Allele_048	Allele_048	Allele_048	40	40	40	40	homozygous_4x
Library008_barcode10	70	AAAA	Allele_043	Allele_043	Allele_043	Allele_043	36	36	36	36	homozygous_4x
Library008_barcode11	70	AABB	Allele_044	Allele_044	Allele_048	Allele_048	37	37	40	40	heterozygous_2x2
Library008_barcode12	70	AAAB	Allele_043	Allele_043	Allele_043	Allele_049	36	36	36	41	heterozygous_3x1
Library008_barcode13	70	AAAB	Allele_043	Allele_044	Allele_044	Allele_044	36	37	37	37	heterozygous_3x1
Library008_barcode14	70	AAAA	Allele_048	Allele_048	Allele_048	Allele_048	40	40	40	40	homozygous_4x
Library008_barcode15	70	AAAB	Allele_043	Allele_043	Allele_043	Allele_044	36	36	36	37	heterozygous_3x1
Library008_barcode16	70	AAAB	Allele_044	Allele_048	Allele_048	Allele_048	37	40	40	40	heterozygous_3x1
Library008_barcode17	70	AAAA	Allele_044	Allele_044	Allele_044	Allele_044	37	37	37	37	homozygous_4x
Library008_barcode19	70	AABB	Allele_043	Allele_043	Allele_044	Allele_044	36	36	37	37	heterozygous_2x2
Library008_barcode20	70	AABB	Allele_044	Allele_044	Allele_048	Allele_048	37	37	40	40	heterozygous_2x2
Library008_barcode21	70	AAAA	Allele_043	Allele_043	Allele_043	Allele_043	36	36	36	36	homozygous_4x
Library008_barcode22	70	AABC	Allele_043	Allele_044	Allele_048	Allele_048	36	37	40	40	heterozygous_2x1x1
Library008_barcode23	70	AABB	Allele_044	Allele_044	Allele_048	Allele_048	37	37	40	40	heterozygous_2x2
Library008_barcode24	70	AAAA	Allele_048	Allele_048	Allele_048	Allele_048	40	40	40	40	homozygous_4x
Library008_barcode25	70	AABB	Allele_044	Allele_044	Allele_048	Allele_048	37	37	40	40	heterozygous_2x2
Library008_barcode26	70	AAAA	Allele_044	Allele_044	Allele_044	Allele_044	37	37	37	37	homozygous_4x
Library008_barcode27	70	AAAA	Allele_048	Allele_048	Allele_048	Allele_048	40	40	40	40	homozygous_4x
Library008_barcode28	70	AAAA	Allele_048	Allele_048	Allele_048	Allele_048	40	40	40	40	homozygous_4x
Library008_barcode29	70	AAAA	Allele_044	Allele_044	Allele_044	Allele_044	37	37	37	37	homozygous_4x
Library008_barcode30	70	AAAA	Allele_044	Allele_044	Allele_044	Allele_044	37	37	37	37	homozygous_4x
Library008_barcode31	70	AAAA	Allele_048	Allele_048	Allele_048	Allele_048	40	40	40	40	homozygous_4x
Library008_barcode32	70	AAAA	Allele_043	Allele_043	Allele_043	Allele_043	36	36	36	36	homozygous_4x
Library008_barcode33	70	AAAA	Allele_044	Allele_044	Allele_044	Allele_044	37	37	37	37	homozygous_4x
Library008_barcode34	70	AAAA	Allele_044	Allele_044	Allele_044	Allele_044	37	37	37	37	homozygous_4x
Library008_barcode35	70	AAAB	Allele_044	Allele_048	Allele_048	Allele_048	37	40	40	40	heterozygous_3x1
Library008_barcode36	70	AABB	Allele_044	Allele_044	Allele_048	Allele_048	37	37	40	40	heterozygous_2x2
Library008_barcode89	70	AAAA	Allele_048	Allele_048	Allele_048	Allele_048	40	40	40	40	homozygous_4x
Library008_barcode90	70	AAAA	Allele_048	Allele_048	Allele_048	Allele_048	40	40	40	40	homozygous_4x
Library008_barcode91	70	AAAA	Allele_048	Allele_048	Allele_048	Allele_048	40	40	40	40	homozygous_4x
